dataset,instance,T,Z_gamma0,bound_gamma0,gap_gamma0_pct,status_gamma0,time_gamma0_s,Z_gamma0001,bound_gamma0001,gap_gamma0001_pct,status_gamma0001,time_gamma0001_s,delta_abs,delta_pct_vs_gamma0001
2X,IncT2X_1,38,34840.0,34840.0,0.0,OptimalGlobal,19.3269,40179.544,40179.544,0.0,OptimalGlobal,209.6151,5339.544000000002,13.289210051761666
2X,IncT2X_10,38,3231.0,3231.0,0.0,OptimalGlobal,5.3135,8335.23,8335.23,0.0,OptimalGlobal,173.104,5104.23,61.23682249919918
2X,IncT2X_2,38,99038.0,99038.0,0.0,OptimalGlobal,30.6196,105100.906,105100.906,0.0,OptimalGlobal,50.8178,6062.906000000003,5.768652460522085
2X,IncT2X_3,38,37376.0,37376.0,0.0,OptimalGlobal,8.558,42938.57,42938.57,0.0,OptimalGlobal,1261.6051,5562.57,12.954716470529876
2X,IncT2X_4,38,125559.0,125559.0,0.0,OptimalGlobal,9.5455,131571.0,131571.0,0.0,OptimalGlobal,59.5806,6012.0,4.5693959915178874
2X,IncT2X_5,38,33103.0,33103.0,0.0,OptimalGlobal,8.2476,38183.994,38183.994,0.0,OptimalGlobal,317.7187,5080.993999999999,13.30660695159338
2X,IncT2X_6,38,64582.0,64582.0,0.0,OptimalGlobal,8.5988,70335.169,70335.169,0.0,OptimalGlobal,436.6009,5753.168999999994,8.17964765251363
2X,IncT2X_7,38,8336.0,8336.0,0.0,OptimalGlobal,134.0936,13506.887,13506.887,0.0,OptimalGlobal,1730.3252,5170.887000000001,38.2833364934496
2X,IncT2X_8,38,162972.0,162972.0,0.0,OptimalGlobal,16.3217,169018.311,169018.311,0.0,OptimalGlobal,75.5205,6046.310999999987,3.57731121807269
2X,IncT2X_9,38,12968.0,12968.0,0.0,OptimalGlobal,7.9364,18632.113,18632.113,0.0,OptimalGlobal,2349.812,5664.113000000001,30.39973512397655
3X,IncT3x_1,57,34840.0,34840.0,0.0,OptimalGlobal,37.8426,43424.391,42979.18296,1.025249,Integer,10805.0957,8584.391000000003,19.76859272476614
3X,IncT3x_10,57,3231.0,3231.0,0.0,OptimalGlobal,10.6777,10914.378,10501.363105,3.784136,Integer,10907.7603,7683.378000000001,70.39684716802002
3X,IncT3x_2,57,99038.0,99038.0,0.0,OptimalGlobal,60.8299,108645.892,108415.298656,0.212243,Integer,10864.5355,9607.892000000007,8.843309050286049
3X,IncT3x_3,57,37376.0,37376.0,0.0,OptimalGlobal,19.3854,46154.492,45689.573082,1.00731,Integer,10827.5544,8778.491999999998,19.01979984960077
3X,IncT3x_4,57,125559.0,125559.0,0.0,OptimalGlobal,37.1083,134477.501,134218.018056,0.192956,Integer,10874.8819,8918.50099999999,6.631965149322629
3X,IncT3x_5,57,33103.0,33103.0,0.0,OptimalGlobal,22.1224,40735.322,40503.384026,0.569378,Integer,10867.2381,7632.322,18.736373312576244
3X,IncT3x_6,57,64582.0,64582.0,0.0,OptimalGlobal,20.9421,73458.775,73092.751498,0.498271,Integer,10851.9817,8876.774999999994,12.084022637186633
3X,IncT3x_7,57,8336.0,8336.0,0.0,OptimalGlobal,176.9689,16591.924,15564.893466,6.189942,Integer,10825.7499,8255.923999999999,49.75868983006431
3X,IncT3x_8,57,162972.0,162972.0,0.0,OptimalGlobal,50.1157,171942.718,171765.74598,0.102925,Integer,10815.2854,8970.717999999993,5.2172712542557305
3X,IncT3x_9,57,12968.0,12968.0,0.0,OptimalGlobal,41.0279,21779.42,21057.503957,3.314671,Integer,10823.2492,8811.419999999998,40.45755121118927
4X,IncT4x_1,76,34840.0,34840.0,0.0,OptimalGlobal,68.0626,46880.699,45448.028958,3.055991,Integer,10822.9058,12040.699,25.68370194309603
4X,IncT4x_10,76,3231.0,3231.0,0.0,OptimalGlobal,29.8076,13375.333,12515.283732,6.430115,Integer,10816.4055,10144.333,75.84359208103454
4X,IncT4x_2,76,99038.0,99038.0,0.0,OptimalGlobal,151.5186,111902.298,110607.975981,1.156654,Integer,10820.7675,12864.297999999995,11.496008777228147
4X,IncT4x_3,76,37376.0,37376.0,0.0,OptimalGlobal,63.1326,49468.889,48583.051269,1.790697,Integer,10820.5461,12092.889000000003,24.445442872185794
4X,IncT4x_4,76,125559.0,125559.0,0.0,OptimalGlobal,66.7399,137435.102,136586.18608,0.617685,Integer,10823.4508,11876.102000000014,8.641243632212689
4X,IncT4x_5,76,33103.0,33103.0,0.0,OptimalGlobal,39.593,43396.022,42873.136315,1.204916,Integer,10828.0287,10293.021999999997,23.718814595494486
4X,IncT4x_6,76,64582.0,64582.0,0.0,OptimalGlobal,36.6863,76811.29,75649.648206,1.512332,Integer,10834.9441,12229.289999999994,15.921214186091646
4X,IncT4x_7,76,8336.0,8336.0,0.0,OptimalGlobal,514.3898,19759.389,16244.250381,17.789713,Integer,10807.8333,11423.389,57.81246069906311
4X,IncT4x_8,76,162972.0,162972.0,0.0,OptimalGlobal,91.2175,174700.915,174178.666981,0.298938,Integer,10864.9922,11728.915000000008,6.713711259039489
4X,IncT4x_9,76,12968.0,12968.0,0.0,OptimalGlobal,81.1989,24689.228,23391.565429,5.255987,Integer,10879.5067,11721.228,47.47506888429237
5X,IncT5x_1,95,34840.0,34840.0,0.0,OptimalGlobal,45.1185,50531.718,47662.707147,5.677644,Integer,10806.5069,15691.718,31.053205038467127
5X,IncT5x_10,95,3231.0,3231.0,0.0,OptimalGlobal,31.7539,16964.09,13779.688617,18.771425,Integer,10805.3634,13733.09,80.95388553114255
5X,IncT5x_2,95,99038.0,99038.0,0.0,OptimalGlobal,368.3307,116740.099,112895.17708,3.293574,Integer,10809.4927,17702.099000000002,15.163683388687208
5X,IncT5x_3,95,37376.0,37376.0,0.0,OptimalGlobal,142.3563,53570.461,51461.815644,3.936209,Integer,10807.9498,16194.461000000003,30.230206531170232
5X,IncT5x_4,95,125559.0,125559.0,0.0,OptimalGlobal,127.5062,141043.753,138997.565845,1.450746,Integer,10864.5403,15484.752999999997,10.978687584979392
5X,IncT5x_5,95,33103.0,33103.0,0.0,OptimalGlobal,106.4367,46138.191,45181.148493,2.074296,Integer,10820.3022,13035.190999999999,28.252496939032564
5X,IncT5x_6,95,64582.0,64582.0,0.0,OptimalGlobal,52.1767,80682.046,77922.383059,3.420418,Integer,10833.1417,16100.046000000002,19.95493024557161
5X,IncT5x_7,95,8336.0,8336.0,0.0,OptimalGlobal,621.6598,22166.183,18546.29353,16.330685,Integer,10821.2188,13830.183,62.39316439821867
5X,IncT5x_8,95,162972.0,162972.0,0.0,OptimalGlobal,157.5077,177536.272,175931.402325,0.903967,Integer,10838.6635,14564.271999999997,8.203547272863766
5X,IncT5x_9,95,12968.0,12968.0,0.0,OptimalGlobal,128.9257,28653.896,24011.330431,16.202214,Integer,10808.8709,15685.896,54.74262906517146
