method,dataset,instance,run_id,seed,Z_at_3600,selected_time_s,selected_tag,final_objective,time_to_best_s,total_time_s,overrun_s,source_run_hard_stop_compliant,value_found_within_budget,comparison_eligible,T_json,J_json,I_json,iterations,source_path,paper_note
ILS_v2,S,S_10,1,1,6373.493,784.217,ILS,6373.493,784.217,3600.775,0.775000000000091,False,True,True,19,160,50,2258,experiments/GRASP/results_ils_v2/Ale_10_run01.json,
ILS_v2,S,S_10,2,2,6201.172,1920.258,PR,6201.172,1920.258,3601.945,1.9450000000001637,False,True,True,19,160,50,2219,experiments/GRASP/results_ils_v2/Ale_10_run02.json,
ILS_v2,S,S_10,3,3,6303.447,722.564,ILS,6303.447,722.564,3600.686,0.6860000000001492,False,True,True,19,160,50,2192,experiments/GRASP/results_ils_v2/Ale_10_run03.json,
ILS_v2,S,S_10,4,4,6651.595,724.957,ILS,6651.595,724.957,3600.025,0.02500000000009095,False,True,True,19,160,50,2160,experiments/GRASP/results_ils_v2/Ale_10_run04.json,
ILS_v2,S,S_10,5,5,6251.242,1248.097,ILS,6251.242,1248.097,3601.343,1.3429999999998472,False,True,True,19,160,50,2209,experiments/GRASP/results_ils_v2/Ale_10_run05.json,
ILS_v2,S,S_10,6,6,6372.543,723.647,ILS,6372.543,723.647,3601.793,1.79300000000012,False,True,True,19,160,50,2305,experiments/GRASP/results_ils_v2/Ale_10_run06.json,
ILS_v2,S,S_10,7,7,6758.003,3144.183,ILS,6758.003,3144.183,3600.859,0.8589999999999236,False,True,True,19,160,50,2191,experiments/GRASP/results_ils_v2/Ale_10_run07.json,
ILS_v2,S,S_10,8,8,6909.415,721.163,ILS,6909.415,721.163,3601.049,1.0489999999999782,False,True,True,19,160,50,2183,experiments/GRASP/results_ils_v2/Ale_10_run08.json,
ILS_v2,S,S_10,9,9,6063.274,804.276,ILS,6063.274,804.276,3600.336,0.33599999999978536,False,True,True,19,160,50,2208,experiments/GRASP/results_ils_v2/Ale_10_run09.json,
ILS_v2,S,S_10,10,10,6229.26,956.751,ILS,6229.26,956.751,3600.474,0.47400000000016007,False,True,True,19,160,50,2255,experiments/GRASP/results_ils_v2/Ale_10_run10.json,
ILS_v2,Real,Ale_1,1,1,90244.983,2706.753,ILS,90244.983,2706.753,3602.993,2.992999999999938,False,True,True,25,161,50,1120,experiments/GRASP/results_ils_v2/Ale_1_run01.json,Legacy Ale_1 is retained for provenance outside the benchmark.
ILS_v2,Real,Ale_1,2,2,88054.386,818.5,PR,88054.386,818.5,3600.58,0.5799999999999272,False,True,True,25,161,50,1130,experiments/GRASP/results_ils_v2/Ale_1_run02.json,Legacy Ale_1 is retained for provenance outside the benchmark.
ILS_v2,Real,Ale_1,3,3,87509.733,1510.295,PR,87509.733,1510.295,3600.071,0.07099999999991269,False,True,True,25,161,50,1132,experiments/GRASP/results_ils_v2/Ale_1_run03.json,Legacy Ale_1 is retained for provenance outside the benchmark.
ILS_v2,Real,Ale_1,4,4,86324.908,2693.131,ILS,86324.908,2693.131,3601.135,1.1350000000002183,False,True,True,25,161,50,1102,experiments/GRASP/results_ils_v2/Ale_1_run04.json,Legacy Ale_1 is retained for provenance outside the benchmark.
ILS_v2,Real,Ale_1,5,5,86418.508,1336.97,ILS,86418.508,1336.97,3602.504,2.5039999999999054,False,True,True,25,161,50,1109,experiments/GRASP/results_ils_v2/Ale_1_run05.json,Legacy Ale_1 is retained for provenance outside the benchmark.
ILS_v2,Real,Ale_1,6,6,87333.133,3364.324,ILS,87333.133,3364.324,3601.21,1.2100000000000364,False,True,True,25,161,50,1152,experiments/GRASP/results_ils_v2/Ale_1_run06.json,Legacy Ale_1 is retained for provenance outside the benchmark.
ILS_v2,Real,Ale_1,7,7,90601.108,981.294,PR,90601.108,981.294,3600.382,0.38200000000006185,False,True,True,25,161,50,1113,experiments/GRASP/results_ils_v2/Ale_1_run07.json,Legacy Ale_1 is retained for provenance outside the benchmark.
ILS_v2,Real,Ale_1,8,8,87530.108,2926.338,PR,87530.108,2926.338,3602.846,2.8460000000000036,False,True,True,25,161,50,1115,experiments/GRASP/results_ils_v2/Ale_1_run08.json,Legacy Ale_1 is retained for provenance outside the benchmark.
ILS_v2,Real,Ale_1,9,9,90967.363,1107.232,ILS,90967.363,1107.232,3601.443,1.443000000000211,False,True,True,25,161,50,1155,experiments/GRASP/results_ils_v2/Ale_1_run09.json,Legacy Ale_1 is retained for provenance outside the benchmark.
ILS_v2,Real,Ale_1,10,10,91044.287,778.987,ILS,91044.287,778.987,3600.455,0.45499999999992724,False,True,True,25,161,50,1148,experiments/GRASP/results_ils_v2/Ale_1_run10.json,Legacy Ale_1 is retained for provenance outside the benchmark.
ILS_v2,S,S_2,1,1,101562.896,178.287,GRASP_warmup,101562.896,178.287,3600.235,0.23500000000012733,False,True,True,19,160,50,2568,experiments/GRASP/results_ils_v2/Ale_2_run01.json,
ILS_v2,S,S_2,2,2,100900.835,723.743,ILS,100900.835,723.743,3601.124,1.1239999999997963,False,True,True,19,160,50,2542,experiments/GRASP/results_ils_v2/Ale_2_run02.json,
ILS_v2,S,S_2,3,3,100933.53,739.509,ILS,100933.53,739.509,3600.145,0.1449999999999818,False,True,True,19,160,50,2594,experiments/GRASP/results_ils_v2/Ale_2_run03.json,
ILS_v2,S,S_2,4,4,100835.185,18.265,GRASP_warmup,100835.185,18.265,3600.559,0.5590000000001965,False,True,True,19,160,50,2621,experiments/GRASP/results_ils_v2/Ale_2_run04.json,
ILS_v2,S,S_2,5,5,101562.896,729.209,ILS,101562.896,729.209,3601.542,1.5419999999999163,False,True,True,19,160,50,2591,experiments/GRASP/results_ils_v2/Ale_2_run05.json,
ILS_v2,S,S_2,6,6,100051.409,86.892,GRASP_warmup,100051.409,86.892,3600.398,0.39800000000013824,False,True,True,19,160,50,2603,experiments/GRASP/results_ils_v2/Ale_2_run06.json,
ILS_v2,S,S_2,7,7,101712.037,773.763,ILS,101712.037,773.763,3600.436,0.43600000000014916,False,True,True,19,160,50,2552,experiments/GRASP/results_ils_v2/Ale_2_run07.json,
ILS_v2,S,S_2,8,8,101562.896,722.409,ILS,101562.896,722.409,3600.575,0.5749999999998181,False,True,True,19,160,50,2595,experiments/GRASP/results_ils_v2/Ale_2_run08.json,
ILS_v2,S,S_2,9,9,101993.548,881.116,ILS,101993.548,881.116,3600.546,0.5459999999998217,False,True,True,19,160,50,2613,experiments/GRASP/results_ils_v2/Ale_2_run09.json,
ILS_v2,S,S_2,10,10,100009.609,726.603,ILS,100009.609,726.603,3600.56,0.5599999999999454,False,True,True,19,160,50,2602,experiments/GRASP/results_ils_v2/Ale_2_run10.json,
ILS_v2,S,S_3,1,1,42682.859,1410.185,ILS,42682.859,1410.185,3602.483,2.4830000000001746,False,True,True,19,160,50,2576,experiments/GRASP/results_ils_v2/Ale_3_run01.json,
ILS_v2,S,S_3,2,2,41527.787,3009.262,ILS,41527.787,3009.262,3600.722,0.7220000000002074,False,True,True,19,160,50,2590,experiments/GRASP/results_ils_v2/Ale_3_run02.json,
ILS_v2,S,S_3,3,3,42948.656,757.445,ILS,42948.656,757.445,3601.586,1.5859999999997854,False,True,True,19,160,50,2622,experiments/GRASP/results_ils_v2/Ale_3_run03.json,
ILS_v2,S,S_3,4,4,41566.839,991.001,ILS,41566.839,991.001,3600.122,0.12199999999984357,False,True,True,19,160,50,2597,experiments/GRASP/results_ils_v2/Ale_3_run04.json,
ILS_v2,S,S_3,5,5,41735.839,3043.545,ILS,41735.839,3043.545,3600.113,0.11299999999982901,False,True,True,19,160,50,2580,experiments/GRASP/results_ils_v2/Ale_3_run05.json,
ILS_v2,S,S_3,6,6,44535.798,17.953,GRASP_warmup,44535.798,17.953,3600.256,0.2559999999998581,False,True,True,19,160,50,2393,experiments/GRASP/results_ils_v2/Ale_3_run06.json,
ILS_v2,S,S_3,7,7,40763.571,766.292,ILS,40763.571,766.292,3600.379,0.3789999999999054,False,True,True,19,160,50,2446,experiments/GRASP/results_ils_v2/Ale_3_run07.json,
ILS_v2,S,S_3,8,8,41824.056,1738.807,ILS,41824.056,1738.807,3601.792,1.7919999999999163,False,True,True,19,160,50,2599,experiments/GRASP/results_ils_v2/Ale_3_run08.json,
ILS_v2,S,S_3,9,9,42274.434,1829.543,ILS,42274.434,1829.543,3602.119,2.119000000000142,False,True,True,19,160,50,2563,experiments/GRASP/results_ils_v2/Ale_3_run09.json,
ILS_v2,S,S_3,10,10,44535.798,184.598,GRASP_warmup,44535.798,184.598,3600.843,0.8429999999998472,False,True,True,19,160,50,2434,experiments/GRASP/results_ils_v2/Ale_3_run10.json,
ILS_v2,S,S_4,1,1,128136.335,732.929,ILS,128136.335,732.929,3600.068,0.068000000000211,False,True,True,19,160,50,2323,experiments/GRASP/results_ils_v2/Ale_4_run01.json,
ILS_v2,S,S_4,2,2,131087.135,824.738,ILS,131087.135,824.738,3601.452,1.4520000000002256,False,True,True,19,160,50,2285,experiments/GRASP/results_ils_v2/Ale_4_run02.json,
ILS_v2,S,S_4,3,3,129500.067,723.025,ILS,129500.067,723.025,3601.07,1.0700000000001637,False,True,True,19,160,50,2245,experiments/GRASP/results_ils_v2/Ale_4_run03.json,
ILS_v2,S,S_4,4,4,127839.076,778.061,ILS,127839.076,778.061,3600.079,0.07900000000017826,False,True,True,19,160,50,2379,experiments/GRASP/results_ils_v2/Ale_4_run04.json,
ILS_v2,S,S_4,5,5,128211.985,745.969,ILS,128211.985,745.969,3601.33,1.3299999999999272,False,True,True,19,160,50,2278,experiments/GRASP/results_ils_v2/Ale_4_run05.json,
ILS_v2,S,S_4,6,6,128586.469,4.826,GRASP_warmup,128586.469,4.826,3602.23,2.230000000000018,False,True,True,19,160,50,2255,experiments/GRASP/results_ils_v2/Ale_4_run06.json,
ILS_v2,S,S_4,7,7,128431.694,764.457,ILS,128431.694,764.457,3601.866,1.8659999999999854,False,True,True,19,160,50,2214,experiments/GRASP/results_ils_v2/Ale_4_run07.json,
ILS_v2,S,S_4,8,8,128005.31,740.76,ILS,128005.31,740.76,3602.088,2.088000000000193,False,True,True,19,160,50,2194,experiments/GRASP/results_ils_v2/Ale_4_run08.json,
ILS_v2,S,S_4,9,9,131118.561,734.975,ILS,131118.561,734.975,3600.846,0.8460000000000036,False,True,True,19,160,50,2232,experiments/GRASP/results_ils_v2/Ale_4_run09.json,
ILS_v2,S,S_4,10,10,129326.065,874.227,ILS,129326.065,874.227,3600.542,0.5419999999999163,False,True,True,19,160,50,2244,experiments/GRASP/results_ils_v2/Ale_4_run10.json,
ILS_v2,S,S_5,1,1,35690.183,633.476,GRASP_warmup,35690.183,633.476,3600.122,0.12199999999984357,False,True,True,19,160,50,2158,experiments/GRASP/results_ils_v2/Ale_5_run01.json,
ILS_v2,S,S_5,2,2,35426.141,757.063,PR,35426.141,757.063,3600.007,0.007000000000061846,False,True,True,19,160,50,2178,experiments/GRASP/results_ils_v2/Ale_5_run02.json,
ILS_v2,S,S_5,3,3,35426.141,750.459,ILS,35426.141,750.459,3600.398,0.39800000000013824,False,True,True,19,160,50,2075,experiments/GRASP/results_ils_v2/Ale_5_run03.json,
ILS_v2,S,S_5,4,4,35426.141,744.47,ILS,35426.141,744.47,3603.403,3.4029999999997926,False,True,True,19,160,50,2179,experiments/GRASP/results_ils_v2/Ale_5_run04.json,
ILS_v2,S,S_5,5,5,35448.716,970.135,ILS,35448.716,970.135,3602.175,2.175000000000182,False,True,True,19,160,50,2146,experiments/GRASP/results_ils_v2/Ale_5_run05.json,
ILS_v2,S,S_5,6,6,35426.141,891.06,ILS,35426.141,891.06,3600.582,0.58199999999988,False,True,True,19,160,50,2130,experiments/GRASP/results_ils_v2/Ale_5_run06.json,
ILS_v2,S,S_5,7,7,35426.141,863.314,ILS,35426.141,863.314,3600.258,0.2579999999998108,False,True,True,19,160,50,2143,experiments/GRASP/results_ils_v2/Ale_5_run07.json,
ILS_v2,S,S_5,8,8,35426.141,782.613,ILS,35426.141,782.613,3600.965,0.9650000000001455,False,True,True,19,160,50,2203,experiments/GRASP/results_ils_v2/Ale_5_run08.json,
ILS_v2,S,S_5,9,9,35426.141,758.221,ILS,35426.141,758.221,3600.528,0.5279999999997926,False,True,True,19,160,50,2130,experiments/GRASP/results_ils_v2/Ale_5_run09.json,
ILS_v2,S,S_5,10,10,35426.141,774.913,ILS,35426.141,774.913,3602.082,2.08199999999988,False,True,True,19,160,50,2148,experiments/GRASP/results_ils_v2/Ale_5_run10.json,
ILS_v2,S,S_6,1,1,67744.346,757.408,ILS,67744.346,757.408,3600.189,0.18899999999985084,False,True,True,19,160,50,2012,experiments/GRASP/results_ils_v2/Ale_6_run01.json,
ILS_v2,S,S_6,2,2,68309.642,2720.922,ILS,68309.642,2720.922,3600.36,0.36000000000012733,False,True,True,19,160,50,2063,experiments/GRASP/results_ils_v2/Ale_6_run02.json,
ILS_v2,S,S_6,3,3,69457.709,723.34,ILS,69457.709,723.34,3600.444,0.44399999999996,False,True,True,19,160,50,2051,experiments/GRASP/results_ils_v2/Ale_6_run03.json,
ILS_v2,S,S_6,4,4,69587.024,3044.019,ILS,69587.024,3044.019,3600.003,0.003000000000156433,False,True,True,19,160,50,2061,experiments/GRASP/results_ils_v2/Ale_6_run04.json,
ILS_v2,S,S_6,5,5,69322.014,2356.805,ILS,69322.014,2356.805,3600.575,0.5749999999998181,False,True,True,19,160,50,2093,experiments/GRASP/results_ils_v2/Ale_6_run05.json,
ILS_v2,S,S_6,6,6,68089.081,1365.061,ILS,68089.081,1365.061,3601.178,1.1779999999998836,False,True,True,19,160,50,2082,experiments/GRASP/results_ils_v2/Ale_6_run06.json,
ILS_v2,S,S_6,7,7,68946.952,736.425,ILS,68946.952,736.425,3600.132,0.13200000000006185,False,True,True,19,160,50,2035,experiments/GRASP/results_ils_v2/Ale_6_run07.json,
ILS_v2,S,S_6,8,8,69361.639,3406.243,ILS,69361.639,3406.243,3601.299,1.2989999999999782,False,True,True,19,160,50,2070,experiments/GRASP/results_ils_v2/Ale_6_run08.json,
ILS_v2,S,S_6,9,9,67288.871,769.599,ILS,67288.871,769.599,3602.637,2.637000000000171,False,True,True,19,160,50,2077,experiments/GRASP/results_ils_v2/Ale_6_run09.json,
ILS_v2,S,S_6,10,10,68163.492,745.772,ILS,68163.492,745.772,3600.312,0.31199999999989814,False,True,True,19,160,50,2121,experiments/GRASP/results_ils_v2/Ale_6_run10.json,
ILS_v2,S,S_7,1,1,10578.918,1043.191,ILS,10578.918,1043.191,3601.422,1.4220000000000255,False,True,True,19,160,50,2090,experiments/GRASP/results_ils_v2/Ale_7_run01.json,
ILS_v2,S,S_7,2,2,10578.918,1104.608,ILS,10578.918,1104.608,3601.023,1.0230000000001382,False,True,True,19,160,50,2075,experiments/GRASP/results_ils_v2/Ale_7_run02.json,
ILS_v2,S,S_7,3,3,10578.918,795.365,ILS,10578.918,795.365,3600.319,0.31899999999996,False,True,True,19,160,50,2090,experiments/GRASP/results_ils_v2/Ale_7_run03.json,
ILS_v2,S,S_7,4,4,10578.918,2099.798,ILS,10578.918,2099.798,3600.232,0.2319999999999709,False,True,True,19,160,50,2157,experiments/GRASP/results_ils_v2/Ale_7_run04.json,
ILS_v2,S,S_7,5,5,10578.918,1620.998,ILS,10578.918,1620.998,3600.753,0.7530000000001564,False,True,True,19,160,50,2113,experiments/GRASP/results_ils_v2/Ale_7_run05.json,
ILS_v2,S,S_7,6,6,10578.918,845.933,ILS,10578.918,845.933,3601.044,1.043999999999869,False,True,True,19,160,50,2073,experiments/GRASP/results_ils_v2/Ale_7_run06.json,
ILS_v2,S,S_7,7,7,10578.918,2789.689,ILS,10578.918,2789.689,3601.329,1.3290000000001783,False,True,True,19,160,50,2149,experiments/GRASP/results_ils_v2/Ale_7_run07.json,
ILS_v2,S,S_7,8,8,10578.918,829.014,ILS,10578.918,829.014,3600.993,0.9929999999999382,False,True,True,19,160,50,2051,experiments/GRASP/results_ils_v2/Ale_7_run08.json,
ILS_v2,S,S_7,9,9,10578.918,798.25,ILS,10578.918,798.25,3600.477,0.47699999999986176,False,True,True,19,160,50,2050,experiments/GRASP/results_ils_v2/Ale_7_run09.json,
ILS_v2,S,S_7,10,10,10578.918,1047.936,ILS,10578.918,1047.936,3600.747,0.7469999999998436,False,True,True,19,160,50,2076,experiments/GRASP/results_ils_v2/Ale_7_run10.json,
ILS_v2,S,S_8,1,1,162884.172,726.971,ILS,162884.172,726.971,3600.517,0.5169999999998254,False,True,True,19,160,50,2333,experiments/GRASP/results_ils_v2/Ale_8_run01.json,
ILS_v2,S,S_8,2,2,161993.126,740.127,ILS,161993.126,740.127,3600.567,0.5670000000000073,False,True,True,19,160,50,2358,experiments/GRASP/results_ils_v2/Ale_8_run02.json,
ILS_v2,S,S_8,3,3,162954.172,733.739,ILS,162954.172,733.739,3600.671,0.6709999999998217,False,True,True,19,160,50,2346,experiments/GRASP/results_ils_v2/Ale_8_run03.json,
ILS_v2,S,S_8,4,4,162982.247,730.366,ILS,162982.247,730.366,3600.414,0.41400000000021464,False,True,True,19,160,50,2367,experiments/GRASP/results_ils_v2/Ale_8_run04.json,
ILS_v2,S,S_8,5,5,164488.865,177.173,GRASP_warmup,164488.865,177.173,3601.2,1.199999999999818,False,True,True,19,160,50,2344,experiments/GRASP/results_ils_v2/Ale_8_run05.json,
ILS_v2,S,S_8,6,6,162011.526,1086.084,GRASP_restart,162011.526,1086.084,3601.52,1.5199999999999818,False,True,True,19,160,50,2394,experiments/GRASP/results_ils_v2/Ale_8_run06.json,
ILS_v2,S,S_8,7,7,161892.376,722.755,ILS,161892.376,722.755,3600.535,0.5349999999998545,False,True,True,19,160,50,2316,experiments/GRASP/results_ils_v2/Ale_8_run07.json,
ILS_v2,S,S_8,8,8,161498.634,1166.371,ILS,161498.634,1166.371,3600.752,0.7519999999999527,False,True,True,19,160,50,2350,experiments/GRASP/results_ils_v2/Ale_8_run08.json,
ILS_v2,S,S_8,9,9,163482.632,2395.067,ILS,163482.632,2395.067,3600.1,0.09999999999990905,False,True,True,19,160,50,2333,experiments/GRASP/results_ils_v2/Ale_8_run09.json,
ILS_v2,S,S_8,10,10,163812.45,930.558,ILS,163812.45,930.558,3600.452,0.45200000000022555,False,True,True,19,160,50,2358,experiments/GRASP/results_ils_v2/Ale_8_run10.json,
ILS_v2,S,S_9,1,1,15863.543,1841.345,ILS,15863.543,1841.345,3600.03,0.03000000000020009,False,True,True,19,160,50,2161,experiments/GRASP/results_ils_v2/Ale_9_run01.json,
ILS_v2,S,S_9,2,2,16043.723,1603.763,PR,16043.723,1603.763,3600.095,0.09499999999979991,False,True,True,19,160,50,2164,experiments/GRASP/results_ils_v2/Ale_9_run02.json,
ILS_v2,S,S_9,3,3,15888.072,721.919,ILS,15888.072,721.919,3600.42,0.42000000000007276,False,True,True,19,160,50,2120,experiments/GRASP/results_ils_v2/Ale_9_run03.json,
ILS_v2,S,S_9,4,4,16077.247,724.289,ILS,16077.247,724.289,3601.192,1.1920000000000073,False,True,True,19,160,50,2175,experiments/GRASP/results_ils_v2/Ale_9_run04.json,
ILS_v2,S,S_9,5,5,16388.529,2170.992,ILS,16388.529,2170.992,3600.804,0.8040000000000873,False,True,True,19,160,50,2114,experiments/GRASP/results_ils_v2/Ale_9_run05.json,
ILS_v2,S,S_9,6,6,15881.834,3127.273,ILS,15881.834,3127.273,3600.89,0.8899999999998727,False,True,True,19,160,50,2139,experiments/GRASP/results_ils_v2/Ale_9_run06.json,
ILS_v2,S,S_9,7,7,16056.147,18.899,GRASP_warmup,16056.147,18.899,3600.523,0.5230000000001382,False,True,True,19,160,50,2142,experiments/GRASP/results_ils_v2/Ale_9_run07.json,
ILS_v2,S,S_9,8,8,15946.148,735.432,ILS,15946.148,735.432,3600.714,0.7139999999999418,False,True,True,19,160,50,2169,experiments/GRASP/results_ils_v2/Ale_9_run08.json,
ILS_v2,S,S_9,9,9,16002.942,1984.113,ILS,16002.942,1984.113,3600.924,0.9239999999999782,False,True,True,19,160,50,2213,experiments/GRASP/results_ils_v2/Ale_9_run09.json,
ILS_v2,S,S_9,10,10,16140.364,723.706,ILS,16140.364,723.706,3600.816,0.8159999999998035,False,True,True,19,160,50,2117,experiments/GRASP/results_ils_v2/Ale_9_run10.json,
ILS_v2,2X,IncT2X_10,1,1,11240.278,2907.563,PR,11240.278,2907.563,3605.256,5.255999999999858,False,True,True,38,160,50,292,experiments/GRASP/results_ils_v2/IncT2X_10_run01.json,
ILS_v2,2X,IncT2X_10,2,2,10443.157,3573.541,ILS,10443.157,3573.541,3604.296,4.295999999999822,False,True,True,38,160,50,291,experiments/GRASP/results_ils_v2/IncT2X_10_run02.json,
ILS_v2,2X,IncT2X_10,3,3,10038.565,3274.55,ILS,10038.565,3274.55,3600.547,0.5470000000000255,False,True,True,38,160,50,307,experiments/GRASP/results_ils_v2/IncT2X_10_run03.json,
ILS_v2,2X,IncT2X_10,4,4,9772.03,3441.649,ILS,9772.03,3441.649,3605.929,5.929000000000087,False,True,True,38,160,50,295,experiments/GRASP/results_ils_v2/IncT2X_10_run04.json,
ILS_v2,2X,IncT2X_10,5,5,8862.78,3337.298,PR,8862.78,3337.298,3602.028,2.0279999999997926,False,True,True,38,160,50,293,experiments/GRASP/results_ils_v2/IncT2X_10_run05.json,
ILS_v2,2X,IncT2X_10,6,6,9564.205,3257.612,ILS,9564.205,3257.612,3601.284,1.2840000000001055,False,True,True,38,160,50,287,experiments/GRASP/results_ils_v2/IncT2X_10_run06.json,
ILS_v2,2X,IncT2X_10,7,7,10960.784,3398.846,ILS,10960.784,3398.846,3603.579,3.5790000000001783,False,True,True,38,160,50,306,experiments/GRASP/results_ils_v2/IncT2X_10_run07.json,
ILS_v2,2X,IncT2X_10,8,8,10509.304,3228.956,PR,10509.304,3228.956,3608.452,8.452000000000226,False,True,True,38,160,50,304,experiments/GRASP/results_ils_v2/IncT2X_10_run08.json,
ILS_v2,2X,IncT2X_10,9,9,10526.569,3438.517,ILS,10526.569,3438.517,3605.076,5.076000000000022,False,True,True,38,160,50,301,experiments/GRASP/results_ils_v2/IncT2X_10_run09.json,
ILS_v2,2X,IncT2X_10,10,10,10120.79,3380.717,ILS,10120.79,3380.717,3602.05,2.050000000000182,False,True,True,38,160,50,298,experiments/GRASP/results_ils_v2/IncT2X_10_run10.json,
ILS_v2,2X,IncT2X_1,1,1,42278.155,3055.493,ILS,42278.155,3055.493,3606.708,6.708000000000084,False,True,True,38,160,50,319,experiments/GRASP/results_ils_v2/IncT2X_1_run01.json,
ILS_v2,2X,IncT2X_1,2,2,42520.324,3496.571,ILS,42520.324,3496.571,3601.514,1.5140000000001237,False,True,True,38,160,50,293,experiments/GRASP/results_ils_v2/IncT2X_1_run02.json,
ILS_v2,2X,IncT2X_1,3,3,44079.813,3545.629,ILS,44079.813,3545.629,3603.837,3.836999999999989,False,True,True,38,160,50,292,experiments/GRASP/results_ils_v2/IncT2X_1_run03.json,
ILS_v2,2X,IncT2X_1,4,4,44293.816,2786.397,PR,44293.816,2786.397,3604.524,4.523999999999887,False,True,True,38,160,50,293,experiments/GRASP/results_ils_v2/IncT2X_1_run04.json,
ILS_v2,2X,IncT2X_1,5,5,45425.166,3550.974,ILS,45425.166,3550.974,3605.007,5.007000000000062,False,True,True,38,160,50,294,experiments/GRASP/results_ils_v2/IncT2X_1_run05.json,
ILS_v2,2X,IncT2X_1,6,6,42830.214,2910.533,ILS,42830.214,2910.533,3601.412,1.4119999999998072,False,True,True,38,160,50,287,experiments/GRASP/results_ils_v2/IncT2X_1_run06.json,
ILS_v2,2X,IncT2X_1,7,7,44712.559,3300.741,ILS,44712.559,3300.741,3601.525,1.525000000000091,False,True,True,38,160,50,279,experiments/GRASP/results_ils_v2/IncT2X_1_run07.json,
ILS_v2,2X,IncT2X_1,8,8,44338.326,3380.387,PR,44338.326,3380.387,3601.424,1.4239999999999782,False,True,True,38,160,50,301,experiments/GRASP/results_ils_v2/IncT2X_1_run08.json,
ILS_v2,2X,IncT2X_1,9,9,44318.616,3569.577,ILS,44318.616,3569.577,3604.182,4.181999999999789,False,True,True,38,160,50,294,experiments/GRASP/results_ils_v2/IncT2X_1_run09.json,
ILS_v2,2X,IncT2X_1,10,10,43545.673,1302.618,PR,43545.673,1302.618,3603.204,3.2040000000001783,False,True,True,38,160,50,313,experiments/GRASP/results_ils_v2/IncT2X_1_run10.json,
ILS_v2,2X,IncT2X_2,1,1,106805.948,3556.113,ILS,106805.948,3556.113,3604.868,4.867999999999938,False,True,True,38,160,50,373,experiments/GRASP/results_ils_v2/IncT2X_2_run01.json,
ILS_v2,2X,IncT2X_2,2,2,107573.659,2154.662,ILS,107573.659,2154.662,3603.011,3.0109999999999673,False,True,True,38,160,50,355,experiments/GRASP/results_ils_v2/IncT2X_2_run02.json,
ILS_v2,2X,IncT2X_2,3,3,110928.766,3218.087,ILS,110928.766,3218.087,3605.799,5.798999999999978,False,True,True,38,160,50,355,experiments/GRASP/results_ils_v2/IncT2X_2_run03.json,
ILS_v2,2X,IncT2X_2,4,4,106776.062,3189.018,ILS,106776.062,3189.018,3606.911,6.911000000000058,False,True,True,38,160,50,359,experiments/GRASP/results_ils_v2/IncT2X_2_run04.json,
ILS_v2,2X,IncT2X_2,5,5,112552.216,3266.834,ILS,112552.216,3266.834,3607.651,7.65099999999984,False,True,True,38,160,50,368,experiments/GRASP/results_ils_v2/IncT2X_2_run05.json,
ILS_v2,2X,IncT2X_2,6,6,110808.719,3591.33,ILS,110808.719,3591.33,3603.951,3.951000000000022,False,True,True,38,160,50,358,experiments/GRASP/results_ils_v2/IncT2X_2_run06.json,
ILS_v2,2X,IncT2X_2,7,7,111174.465,3065.48,ILS,111174.465,3065.48,3607.455,7.454999999999927,False,True,True,38,160,50,375,experiments/GRASP/results_ils_v2/IncT2X_2_run07.json,
ILS_v2,2X,IncT2X_2,8,8,108505.169,2233.373,PR,108505.169,2233.373,3608.46,8.460000000000036,False,True,True,38,160,50,370,experiments/GRASP/results_ils_v2/IncT2X_2_run08.json,
ILS_v2,2X,IncT2X_2,9,9,110677.688,3194.734,ILS,110677.688,3194.734,3606.678,6.677999999999884,False,True,True,38,160,50,360,experiments/GRASP/results_ils_v2/IncT2X_2_run09.json,
ILS_v2,2X,IncT2X_2,10,10,113791.744,3106.761,ILS,113791.744,3106.761,3600.38,0.38000000000010914,False,True,True,38,160,50,364,experiments/GRASP/results_ils_v2/IncT2X_2_run10.json,
ILS_v2,2X,IncT2X_3,1,1,48821.477,3027.805,ILS,48821.477,3027.805,3612.486,12.485999999999876,False,True,True,38,160,50,347,experiments/GRASP/results_ils_v2/IncT2X_3_run01.json,
ILS_v2,2X,IncT2X_3,2,2,47402.775,2711.572,ILS,47402.775,2711.572,3616.13,16.13000000000011,False,True,True,38,160,50,341,experiments/GRASP/results_ils_v2/IncT2X_3_run02.json,
ILS_v2,2X,IncT2X_3,3,3,48691.831,3479.807,ILS,48691.831,3479.807,3602.848,2.8479999999999563,False,True,True,38,160,50,327,experiments/GRASP/results_ils_v2/IncT2X_3_run03.json,
ILS_v2,2X,IncT2X_3,4,4,49316.686,3336.863,ILS,49316.686,3336.863,3600.344,0.34400000000005093,False,True,True,38,160,50,345,experiments/GRASP/results_ils_v2/IncT2X_3_run04.json,
ILS_v2,2X,IncT2X_3,5,5,49372.614,3408.032,PR,49372.614,3408.032,3606.075,6.074999999999818,False,True,True,38,160,50,321,experiments/GRASP/results_ils_v2/IncT2X_3_run05.json,
ILS_v2,2X,IncT2X_3,6,6,49796.458,2942.948,ILS,49796.458,2942.948,3604.078,4.0779999999999745,False,True,True,38,160,50,334,experiments/GRASP/results_ils_v2/IncT2X_3_run06.json,
ILS_v2,2X,IncT2X_3,7,7,47026.985,3399.4,ILS,47026.985,3399.4,3607.056,7.05600000000004,False,True,True,38,160,50,341,experiments/GRASP/results_ils_v2/IncT2X_3_run07.json,
ILS_v2,2X,IncT2X_3,8,8,46584.081,3365.069,ILS,46584.081,3365.069,3604.034,4.0340000000001055,False,True,True,38,160,50,323,experiments/GRASP/results_ils_v2/IncT2X_3_run08.json,
ILS_v2,2X,IncT2X_3,9,9,45168.086,2051.557,ILS,45168.086,2051.557,3600.419,0.41899999999986903,False,True,True,38,160,50,330,experiments/GRASP/results_ils_v2/IncT2X_3_run09.json,
ILS_v2,2X,IncT2X_3,10,10,49127.21,2593.191,PR,49127.21,2593.191,3606.607,6.606999999999971,False,True,True,38,160,50,337,experiments/GRASP/results_ils_v2/IncT2X_3_run10.json,
ILS_v2,2X,IncT2X_4,1,1,134530.483,2205.16,ILS,134530.483,2205.16,3602.443,2.443000000000211,False,True,True,38,160,50,330,experiments/GRASP/results_ils_v2/IncT2X_4_run01.json,
ILS_v2,2X,IncT2X_4,2,2,138288.751,3567.782,PR,138288.751,3567.782,3603.116,3.1159999999999854,False,True,True,38,160,50,330,experiments/GRASP/results_ils_v2/IncT2X_4_run02.json,
ILS_v2,2X,IncT2X_4,3,3,136790.459,3555.446,ILS,136790.459,3555.446,3604.586,4.585999999999785,False,True,True,38,160,50,330,experiments/GRASP/results_ils_v2/IncT2X_4_run03.json,
ILS_v2,2X,IncT2X_4,4,4,134190.224,1558.411,ILS,134190.224,1558.411,3607.864,7.864000000000033,False,True,True,38,160,50,332,experiments/GRASP/results_ils_v2/IncT2X_4_run04.json,
ILS_v2,2X,IncT2X_4,5,5,133316.912,2233.682,ILS,133316.912,2233.682,3603.313,3.313000000000102,False,True,True,38,160,50,343,experiments/GRASP/results_ils_v2/IncT2X_4_run05.json,
ILS_v2,2X,IncT2X_4,6,6,140517.153,1835.384,PR,140517.153,1835.384,3600.545,0.5450000000000728,False,True,True,38,160,50,319,experiments/GRASP/results_ils_v2/IncT2X_4_run06.json,
ILS_v2,2X,IncT2X_4,7,7,134866.306,2838.758,ILS,134866.306,2838.758,3606.578,6.5779999999999745,False,True,True,38,160,50,332,experiments/GRASP/results_ils_v2/IncT2X_4_run07.json,
ILS_v2,2X,IncT2X_4,8,8,133867.308,3370.347,ILS,133867.308,3370.347,3605.143,5.143000000000029,False,True,True,38,160,50,338,experiments/GRASP/results_ils_v2/IncT2X_4_run08.json,
ILS_v2,2X,IncT2X_4,9,9,135185.967,3508.329,ILS,135185.967,3508.329,3603.635,3.6350000000002183,False,True,True,38,160,50,342,experiments/GRASP/results_ils_v2/IncT2X_4_run09.json,
ILS_v2,2X,IncT2X_4,10,10,134175.9,3451.597,PR,134175.9,3451.597,3602.638,2.63799999999992,False,True,True,38,160,50,331,experiments/GRASP/results_ils_v2/IncT2X_4_run10.json,
ILS_v2,2X,IncT2X_5,1,1,40808.641,2933.904,PR,40808.641,2933.904,3607.437,7.436999999999898,False,True,True,38,160,50,298,experiments/GRASP/results_ils_v2/IncT2X_5_run01.json,
ILS_v2,2X,IncT2X_5,2,2,40511.241,3039.193,ILS,40511.241,3039.193,3601.933,1.9329999999999927,False,True,True,38,160,50,267,experiments/GRASP/results_ils_v2/IncT2X_5_run02.json,
ILS_v2,2X,IncT2X_5,3,3,39862.583,3070.671,ILS,39862.583,3070.671,3608.327,8.327000000000226,False,True,True,38,160,50,275,experiments/GRASP/results_ils_v2/IncT2X_5_run03.json,
ILS_v2,2X,IncT2X_5,4,4,38391.644,3260.066,ILS,38391.644,3260.066,3607.307,7.306999999999789,False,True,True,38,160,50,276,experiments/GRASP/results_ils_v2/IncT2X_5_run04.json,
ILS_v2,2X,IncT2X_5,5,5,40856.266,2704.31,ILS,40856.266,2704.31,3605.208,5.208000000000084,False,True,True,38,160,50,270,experiments/GRASP/results_ils_v2/IncT2X_5_run05.json,
ILS_v2,2X,IncT2X_5,6,6,39885.883,2986.666,ILS,39885.883,2986.666,3606.653,6.652999999999793,False,True,True,38,160,50,281,experiments/GRASP/results_ils_v2/IncT2X_5_run06.json,
ILS_v2,2X,IncT2X_5,7,7,46393.846,3260.97,ILS,46393.846,3260.97,3601.188,1.1880000000001019,False,True,True,38,160,50,298,experiments/GRASP/results_ils_v2/IncT2X_5_run07.json,
ILS_v2,2X,IncT2X_5,8,8,39924.783,2105.192,ILS,39924.783,2105.192,3608.789,8.789000000000215,False,True,True,38,160,50,278,experiments/GRASP/results_ils_v2/IncT2X_5_run08.json,
ILS_v2,2X,IncT2X_5,9,9,38494.144,3528.031,ILS,38494.144,3528.031,3600.359,0.3589999999999236,False,True,True,38,160,50,280,experiments/GRASP/results_ils_v2/IncT2X_5_run09.json,
ILS_v2,2X,IncT2X_5,10,10,51260.256,3523.111,ILS,51260.256,3523.111,3605.689,5.688999999999851,False,True,True,38,160,50,289,experiments/GRASP/results_ils_v2/IncT2X_5_run10.json,
ILS_v2,2X,IncT2X_6,1,1,74534.638,2452.118,PR,74534.638,2452.118,3605.953,5.9529999999999745,False,True,True,38,160,50,293,experiments/GRASP/results_ils_v2/IncT2X_6_run01.json,
ILS_v2,2X,IncT2X_6,2,2,76453.905,2571.3,ILS,76453.905,2571.3,3605.161,5.161000000000058,False,True,True,38,160,50,303,experiments/GRASP/results_ils_v2/IncT2X_6_run02.json,
ILS_v2,2X,IncT2X_6,3,3,73957.432,3069.055,ILS,73957.432,3069.055,3604.141,4.141000000000076,False,True,True,38,160,50,293,experiments/GRASP/results_ils_v2/IncT2X_6_run03.json,
ILS_v2,2X,IncT2X_6,4,4,74370.719,2324.475,PR,74370.719,2324.475,3604.19,4.190000000000055,False,True,True,38,160,50,291,experiments/GRASP/results_ils_v2/IncT2X_6_run04.json,
ILS_v2,2X,IncT2X_6,5,5,73292.373,2784.253,ILS,73292.373,2784.253,3602.802,2.8020000000001346,False,True,True,38,160,50,319,experiments/GRASP/results_ils_v2/IncT2X_6_run05.json,
ILS_v2,2X,IncT2X_6,6,6,71405.102,3381.141,ILS,71405.102,3381.141,3608.587,8.586999999999989,False,True,True,38,160,50,307,experiments/GRASP/results_ils_v2/IncT2X_6_run06.json,
ILS_v2,2X,IncT2X_6,7,7,76580.265,3028.097,ILS,76580.265,3028.097,3602.141,2.1410000000000764,False,True,True,38,160,50,296,experiments/GRASP/results_ils_v2/IncT2X_6_run07.json,
ILS_v2,2X,IncT2X_6,8,8,78941.952,2957.333,ILS,78941.952,2957.333,3610.311,10.31100000000015,False,True,True,38,160,50,308,experiments/GRASP/results_ils_v2/IncT2X_6_run08.json,
ILS_v2,2X,IncT2X_6,9,9,71423.816,3369.401,ILS,71423.816,3369.401,3604.513,4.51299999999992,False,True,True,38,160,50,291,experiments/GRASP/results_ils_v2/IncT2X_6_run09.json,
ILS_v2,2X,IncT2X_6,10,10,74007.145,2243.028,ILS,74007.145,2243.028,3602.214,2.213999999999942,False,True,True,38,160,50,294,experiments/GRASP/results_ils_v2/IncT2X_6_run10.json,
ILS_v2,2X,IncT2X_7,1,1,13964.65,3521.599,ILS,13964.65,3521.599,3612.8,12.800000000000182,False,True,True,38,160,50,289,experiments/GRASP/results_ils_v2/IncT2X_7_run01.json,
ILS_v2,2X,IncT2X_7,2,2,15255.32,1760.644,ILS,15255.32,1760.644,3605.263,5.26299999999992,False,True,True,38,160,50,280,experiments/GRASP/results_ils_v2/IncT2X_7_run02.json,
ILS_v2,2X,IncT2X_7,3,3,15244.87,3054.159,ILS,15244.87,3054.159,3604.921,4.920999999999822,False,True,True,38,160,50,285,experiments/GRASP/results_ils_v2/IncT2X_7_run03.json,
ILS_v2,2X,IncT2X_7,4,4,14007.8,898.301,ILS,14007.8,898.301,3608.469,8.469000000000051,False,True,True,38,160,50,284,experiments/GRASP/results_ils_v2/IncT2X_7_run04.json,
ILS_v2,2X,IncT2X_7,5,5,14721.817,2515.874,ILS,14721.817,2515.874,3619.719,19.71900000000005,False,True,True,38,160,50,314,experiments/GRASP/results_ils_v2/IncT2X_7_run05.json,
ILS_v2,2X,IncT2X_7,6,6,13970.275,1839.257,ILS,13970.275,1839.257,3602.105,2.105000000000018,False,True,True,38,160,50,302,experiments/GRASP/results_ils_v2/IncT2X_7_run06.json,
ILS_v2,2X,IncT2X_7,7,7,15244.87,2146.918,ILS,15244.87,2146.918,3613.279,13.278999999999996,False,True,True,38,160,50,296,experiments/GRASP/results_ils_v2/IncT2X_7_run07.json,
ILS_v2,2X,IncT2X_7,8,8,16693.413,3237.761,ILS,16693.413,3237.761,3601.202,1.2020000000002256,False,True,True,38,160,50,279,experiments/GRASP/results_ils_v2/IncT2X_7_run08.json,
ILS_v2,2X,IncT2X_7,9,9,14020.075,3592.462,ILS,14020.075,3592.462,3604.725,4.724999999999909,False,True,True,38,160,50,292,experiments/GRASP/results_ils_v2/IncT2X_7_run09.json,
ILS_v2,2X,IncT2X_7,10,10,14321.4,3457.636,ILS,14321.4,3457.636,3602.568,2.568000000000211,False,True,True,38,160,50,296,experiments/GRASP/results_ils_v2/IncT2X_7_run10.json,
ILS_v2,2X,IncT2X_8,1,1,176545.061,2127.929,PR,176545.061,2127.929,3600.473,0.47299999999995634,False,True,True,38,160,50,351,experiments/GRASP/results_ils_v2/IncT2X_8_run01.json,
ILS_v2,2X,IncT2X_8,2,2,173543.374,3123.609,ILS,173543.374,3123.609,3601.329,1.3290000000001783,False,True,True,38,160,50,342,experiments/GRASP/results_ils_v2/IncT2X_8_run02.json,
ILS_v2,2X,IncT2X_8,3,3,174627.022,2017.011,PR,174627.022,2017.011,3608.632,8.632000000000062,False,True,True,38,160,50,326,experiments/GRASP/results_ils_v2/IncT2X_8_run03.json,
ILS_v2,2X,IncT2X_8,4,4,174150.6,2859.879,ILS,174150.6,2859.879,3602.677,2.6770000000001346,False,True,True,38,160,50,320,experiments/GRASP/results_ils_v2/IncT2X_8_run04.json,
ILS_v2,2X,IncT2X_8,5,5,179313.071,2828.005,ILS,179313.071,2828.005,3610.092,10.092000000000098,False,True,True,38,160,50,354,experiments/GRASP/results_ils_v2/IncT2X_8_run05.json,
ILS_v2,2X,IncT2X_8,6,6,177334.033,3040.872,PR,177334.033,3040.872,3602.024,2.0239999999998872,False,True,True,38,160,50,333,experiments/GRASP/results_ils_v2/IncT2X_8_run06.json,
ILS_v2,2X,IncT2X_8,7,7,172193.717,2602.72,ILS,172193.717,2602.72,3609.525,9.525000000000091,False,True,True,38,160,50,352,experiments/GRASP/results_ils_v2/IncT2X_8_run07.json,
ILS_v2,2X,IncT2X_8,8,8,179712.419,3152.101,ILS,179712.419,3152.101,3604.987,4.98700000000008,False,True,True,38,160,50,331,experiments/GRASP/results_ils_v2/IncT2X_8_run08.json,
ILS_v2,2X,IncT2X_8,9,9,170021.061,2106.266,ILS,170021.061,2106.266,3605.961,5.960999999999785,False,True,True,38,160,50,339,experiments/GRASP/results_ils_v2/IncT2X_8_run09.json,
ILS_v2,2X,IncT2X_8,10,10,171590.77,1989.112,ILS,171590.77,1989.112,3600.663,0.6630000000000109,False,True,True,38,160,50,333,experiments/GRASP/results_ils_v2/IncT2X_8_run10.json,
ILS_v2,2X,IncT2X_9,1,1,20561.563,3478.726,ILS,20561.563,3478.726,3604.302,4.302000000000135,False,True,True,38,160,50,282,experiments/GRASP/results_ils_v2/IncT2X_9_run01.json,
ILS_v2,2X,IncT2X_9,2,2,19182.946,2083.525,ILS,19182.946,2083.525,3602.662,2.661999999999807,False,True,True,38,160,50,275,experiments/GRASP/results_ils_v2/IncT2X_9_run02.json,
ILS_v2,2X,IncT2X_9,3,3,20879.021,3453.25,ILS,20879.021,3453.25,3600.817,0.8170000000000073,False,True,True,38,160,50,271,experiments/GRASP/results_ils_v2/IncT2X_9_run03.json,
ILS_v2,2X,IncT2X_9,4,4,20879.321,3189.815,ILS,20879.321,3189.815,3602.596,2.5960000000000036,False,True,True,38,160,50,287,experiments/GRASP/results_ils_v2/IncT2X_9_run04.json,
ILS_v2,2X,IncT2X_9,5,5,19647.197,3281.772,ILS,19647.197,3281.772,3608.105,8.105000000000018,False,True,True,38,160,50,268,experiments/GRASP/results_ils_v2/IncT2X_9_run05.json,
ILS_v2,2X,IncT2X_9,6,6,21826.442,3240.872,ILS,21826.442,3240.872,3603.102,3.1019999999998618,False,True,True,38,160,50,287,experiments/GRASP/results_ils_v2/IncT2X_9_run06.json,
ILS_v2,2X,IncT2X_9,7,7,20310.998,3598.183,ILS,20310.998,3598.183,3603.554,3.5540000000000873,False,True,True,38,160,50,277,experiments/GRASP/results_ils_v2/IncT2X_9_run07.json,
ILS_v2,2X,IncT2X_9,8,8,20909.599,3208.533,ILS,20909.599,3208.533,3615.175,15.175000000000182,False,True,True,38,160,50,260,experiments/GRASP/results_ils_v2/IncT2X_9_run08.json,
ILS_v2,2X,IncT2X_9,9,9,20639.178,3595.517,ILS,20639.178,3595.517,3609.486,9.485999999999876,False,True,True,38,160,50,289,experiments/GRASP/results_ils_v2/IncT2X_9_run09.json,
ILS_v2,2X,IncT2X_9,10,10,20830.346,3357.029,ILS,20830.346,3357.029,3605.169,5.168999999999869,False,True,True,38,160,50,272,experiments/GRASP/results_ils_v2/IncT2X_9_run10.json,
ILS_v2,3X,IncT3x_10,1,1,16841.013,2759.758,PR,16841.013,2759.758,3673.148,73.14800000000014,False,True,True,57,160,50,19,experiments/GRASP/results_ils_v2/IncT3x_10_run01.json,
ILS_v2,3X,IncT3x_10,2,2,15081.199,3001.856,ILS,15081.199,3001.856,3639.514,39.514000000000124,False,True,True,57,160,50,18,experiments/GRASP/results_ils_v2/IncT3x_10_run02.json,
ILS_v2,3X,IncT3x_10,3,3,16451.512,2717.496,ILS,16451.512,2717.496,3648.405,48.4050000000002,False,True,True,57,160,50,20,experiments/GRASP/results_ils_v2/IncT3x_10_run03.json,
ILS_v2,3X,IncT3x_10,4,4,14362.695,3052.428,ILS,14362.695,3052.428,3663.175,63.17500000000018,False,True,True,57,160,50,18,experiments/GRASP/results_ils_v2/IncT3x_10_run04.json,
ILS_v2,3X,IncT3x_10,5,5,16146.18,3477.368,ILS,16146.18,3477.368,3603.751,3.7510000000002037,False,True,True,57,160,50,19,experiments/GRASP/results_ils_v2/IncT3x_10_run05.json,
ILS_v2,3X,IncT3x_10,6,6,16613.089,2852.301,ILS,16613.089,2852.301,3680.919,80.91899999999987,False,True,True,57,160,50,22,experiments/GRASP/results_ils_v2/IncT3x_10_run06.json,
ILS_v2,3X,IncT3x_10,7,7,13044.383,3269.335,ILS,13044.383,3269.335,3734.57,134.57000000000016,False,True,True,57,160,50,21,experiments/GRASP/results_ils_v2/IncT3x_10_run07.json,
ILS_v2,3X,IncT3x_10,8,8,14183.919,1140.547,ILS,14183.919,1140.547,3731.294,131.29399999999987,False,True,True,57,160,50,21,experiments/GRASP/results_ils_v2/IncT3x_10_run08.json,
ILS_v2,3X,IncT3x_10,9,9,17053.671,3343.264,PR,17053.671,3343.264,3714.494,114.49400000000014,False,True,True,57,160,50,17,experiments/GRASP/results_ils_v2/IncT3x_10_run09.json,
ILS_v2,3X,IncT3x_10,10,10,14983.76,2050.803,ILS,14983.76,2050.803,3663.948,63.947999999999865,False,True,True,57,160,50,18,experiments/GRASP/results_ils_v2/IncT3x_10_run10.json,
ILS_v2,3X,IncT3x_1,1,1,47424.765,2895.29,PR,47424.765,2895.29,3651.369,51.36900000000014,False,True,True,57,160,50,20,experiments/GRASP/results_ils_v2/IncT3x_1_run01.json,
ILS_v2,3X,IncT3x_1,2,2,55525.366,3062.678,ILS,55525.366,3062.678,3632.288,32.28800000000001,False,True,True,57,160,50,22,experiments/GRASP/results_ils_v2/IncT3x_1_run02.json,
ILS_v2,3X,IncT3x_1,3,3,48976.376,3143.728,ILS,48976.376,3143.728,3660.551,60.55099999999993,False,True,True,57,160,50,21,experiments/GRASP/results_ils_v2/IncT3x_1_run03.json,
ILS_v2,3X,IncT3x_1,4,4,48646.622,950.777,ILS,48646.622,950.777,3656.101,56.10100000000011,False,True,True,57,160,50,30,experiments/GRASP/results_ils_v2/IncT3x_1_run04.json,
ILS_v2,3X,IncT3x_1,5,5,53176.685,2378.517,PR,53176.685,2378.517,3667.961,67.96099999999979,False,True,True,57,160,50,20,experiments/GRASP/results_ils_v2/IncT3x_1_run05.json,
ILS_v2,3X,IncT3x_1,6,6,46931.051,3520.13,PR,46931.051,3520.13,3660.473,60.472999999999956,False,True,True,57,160,50,18,experiments/GRASP/results_ils_v2/IncT3x_1_run06.json,
ILS_v2,3X,IncT3x_1,7,7,46421.26,3589.723,PR,46421.26,3589.723,3710.524,110.52399999999989,False,True,True,57,160,50,21,experiments/GRASP/results_ils_v2/IncT3x_1_run07.json,
ILS_v2,3X,IncT3x_1,8,8,48775.084,2635.73,ILS,48775.084,2635.73,3621.876,21.876000000000204,False,True,True,57,160,50,18,experiments/GRASP/results_ils_v2/IncT3x_1_run08.json,
ILS_v2,3X,IncT3x_1,9,9,48500.828,2406.231,PR,48500.828,2406.231,3632.499,32.498999999999796,False,True,True,57,160,50,20,experiments/GRASP/results_ils_v2/IncT3x_1_run09.json,
ILS_v2,3X,IncT3x_1,10,10,46648.236,2407.56,ILS,46648.236,2407.56,3738.705,138.70499999999993,False,True,True,57,160,50,18,experiments/GRASP/results_ils_v2/IncT3x_1_run10.json,
ILS_v2,3X,IncT3x_2,1,1,126417.058,3508.75,ILS,126417.058,3508.75,3701.349,101.34900000000016,False,True,True,57,160,50,22,experiments/GRASP/results_ils_v2/IncT3x_2_run01.json,
ILS_v2,3X,IncT3x_2,2,2,119599.68,1392.598,ILS,119599.68,1392.598,3674.886,74.88599999999997,False,True,True,57,160,50,22,experiments/GRASP/results_ils_v2/IncT3x_2_run02.json,
ILS_v2,3X,IncT3x_2,3,3,116153.604,2688.695,ILS,116153.604,2688.695,3625.136,25.135999999999967,False,True,True,57,160,50,20,experiments/GRASP/results_ils_v2/IncT3x_2_run03.json,
ILS_v2,3X,IncT3x_2,4,4,124709.759,3501.089,ILS,124709.759,3501.089,3685.86,85.86000000000013,False,True,True,57,160,50,21,experiments/GRASP/results_ils_v2/IncT3x_2_run04.json,
ILS_v2,3X,IncT3x_2,5,5,119496.683,3519.727,ILS,119496.683,3519.727,3725.546,125.54599999999982,False,True,True,57,160,50,22,experiments/GRASP/results_ils_v2/IncT3x_2_run05.json,
ILS_v2,3X,IncT3x_2,6,6,117592.199,2334.16,ILS,117592.199,2334.16,3647.593,47.59299999999985,False,True,True,57,160,50,21,experiments/GRASP/results_ils_v2/IncT3x_2_run06.json,
ILS_v2,3X,IncT3x_2,7,7,112927.942,2940.458,ILS,112927.942,2940.458,3607.505,7.505000000000109,False,True,True,57,160,50,18,experiments/GRASP/results_ils_v2/IncT3x_2_run07.json,
ILS_v2,3X,IncT3x_2,8,8,124663.681,1157.662,ILS,124663.681,1157.662,3713.646,113.64600000000019,False,True,True,57,160,50,18,experiments/GRASP/results_ils_v2/IncT3x_2_run08.json,
ILS_v2,3X,IncT3x_2,9,9,118252.309,3212.762,PR,118252.309,3212.762,3643.959,43.95899999999983,False,True,True,57,160,50,20,experiments/GRASP/results_ils_v2/IncT3x_2_run09.json,
ILS_v2,3X,IncT3x_2,10,10,131272.104,832.202,ILS,131272.104,832.202,3635.225,35.22499999999991,False,True,True,57,160,50,23,experiments/GRASP/results_ils_v2/IncT3x_2_run10.json,
ILS_v2,3X,IncT3x_3,1,1,56061.264,2888.892,ILS,56061.264,2888.892,3722.004,122.0039999999999,False,True,True,57,160,50,22,experiments/GRASP/results_ils_v2/IncT3x_3_run01.json,
ILS_v2,3X,IncT3x_3,2,2,56575.612,2269.235,ILS,56575.612,2269.235,3713.354,113.35399999999981,False,True,True,57,160,50,16,experiments/GRASP/results_ils_v2/IncT3x_3_run02.json,
ILS_v2,3X,IncT3x_3,3,3,53658.865,2707.729,ILS,53658.865,2707.729,3750.995,150.9949999999999,False,True,True,57,160,50,18,experiments/GRASP/results_ils_v2/IncT3x_3_run03.json,
ILS_v2,3X,IncT3x_3,4,4,53394.381,2255.323,ILS,53394.381,2255.323,3647.289,47.289000000000215,False,True,True,57,160,50,21,experiments/GRASP/results_ils_v2/IncT3x_3_run04.json,
ILS_v2,3X,IncT3x_3,5,5,50505.825,2816.859,ILS,50505.825,2816.859,3607.007,7.007000000000062,False,True,True,57,160,50,22,experiments/GRASP/results_ils_v2/IncT3x_3_run05.json,
ILS_v2,3X,IncT3x_3,6,6,50853.935,1121.303,ILS,50853.935,1121.303,3655.215,55.215000000000146,False,True,True,57,160,50,20,experiments/GRASP/results_ils_v2/IncT3x_3_run06.json,
ILS_v2,3X,IncT3x_3,7,7,56966.85,2789.344,ILS,56966.85,2789.344,3680.069,80.06899999999996,False,True,True,57,160,50,18,experiments/GRASP/results_ils_v2/IncT3x_3_run07.json,
ILS_v2,3X,IncT3x_3,8,8,53114.064,1677.593,ILS,53114.064,1677.593,3645.079,45.07900000000018,False,True,True,57,160,50,20,experiments/GRASP/results_ils_v2/IncT3x_3_run08.json,
ILS_v2,3X,IncT3x_3,9,9,56017.457,272.662,GRASP_warmup,56017.457,272.662,3661.521,61.521000000000186,False,True,True,57,160,50,20,experiments/GRASP/results_ils_v2/IncT3x_3_run09.json,
ILS_v2,3X,IncT3x_3,10,10,55079.757,2997.966,ILS,55079.757,2997.966,3647.758,47.75799999999981,False,True,True,57,160,50,18,experiments/GRASP/results_ils_v2/IncT3x_3_run10.json,
ILS_v2,3X,IncT3x_4,1,1,145888.077,2884.869,ILS,145888.077,2884.869,3675.891,75.89100000000008,False,True,True,57,160,50,21,experiments/GRASP/results_ils_v2/IncT3x_4_run01.json,
ILS_v2,3X,IncT3x_4,2,2,140186.433,3591.836,ILS,140186.433,3591.836,3712.506,112.50599999999986,False,True,True,57,160,50,21,experiments/GRASP/results_ils_v2/IncT3x_4_run02.json,
ILS_v2,3X,IncT3x_4,3,3,141456.306,3494.563,PR,141456.306,3494.563,3681.48,81.48000000000002,False,True,True,57,160,50,20,experiments/GRASP/results_ils_v2/IncT3x_4_run03.json,
ILS_v2,3X,IncT3x_4,4,4,142573.686,3370.134,ILS,142573.686,3370.134,3650.948,50.947999999999865,False,True,True,57,160,50,17,experiments/GRASP/results_ils_v2/IncT3x_4_run04.json,
ILS_v2,3X,IncT3x_4,5,5,137723.912,3557.573,ILS,137723.912,3557.573,3718.159,118.1590000000001,False,True,True,57,160,50,21,experiments/GRASP/results_ils_v2/IncT3x_4_run05.json,
ILS_v2,3X,IncT3x_4,6,6,145619.098,3466.203,ILS,145619.098,3466.203,3620.357,20.35699999999997,False,True,True,57,160,50,22,experiments/GRASP/results_ils_v2/IncT3x_4_run06.json,
ILS_v2,3X,IncT3x_4,7,7,140542.423,963.328,GRASP_warmup,140542.423,963.328,3801.621,201.6210000000001,False,True,True,57,160,50,17,experiments/GRASP/results_ils_v2/IncT3x_4_run07.json,
ILS_v2,3X,IncT3x_4,8,8,141799.764,3013.342,PR,141799.764,3013.342,3684.426,84.42599999999993,False,True,True,57,160,50,22,experiments/GRASP/results_ils_v2/IncT3x_4_run08.json,
ILS_v2,3X,IncT3x_4,9,9,139422.377,3166.306,ILS,139422.377,3166.306,3636.744,36.74400000000014,False,True,True,57,160,50,16,experiments/GRASP/results_ils_v2/IncT3x_4_run09.json,
ILS_v2,3X,IncT3x_4,10,10,141281.097,3273.045,ILS,141281.097,3273.045,3616.467,16.4670000000001,False,True,True,57,160,50,20,experiments/GRASP/results_ils_v2/IncT3x_4_run10.json,
ILS_v2,3X,IncT3x_5,1,1,58114.421,3598.871,ILS,58114.421,3598.871,3603.2,3.199999999999818,False,True,True,57,160,50,22,experiments/GRASP/results_ils_v2/IncT3x_5_run01.json,
ILS_v2,3X,IncT3x_5,2,2,54219.924,2828.574,ILS,54219.924,2828.574,3755.915,155.91499999999996,False,True,True,57,160,50,18,experiments/GRASP/results_ils_v2/IncT3x_5_run02.json,
ILS_v2,3X,IncT3x_5,3,3,58173.147,3183.988,ILS,58173.147,3183.988,3604.554,4.554000000000087,False,True,True,57,160,50,18,experiments/GRASP/results_ils_v2/IncT3x_5_run03.json,
ILS_v2,3X,IncT3x_5,4,4,54082.829,1746.349,ILS,54082.829,1746.349,3605.24,5.239999999999782,False,True,True,57,160,50,17,experiments/GRASP/results_ils_v2/IncT3x_5_run04.json,
ILS_v2,3X,IncT3x_5,5,5,55480.952,3297.252,ILS,55480.952,3297.252,3621.84,21.840000000000146,False,True,True,57,160,50,17,experiments/GRASP/results_ils_v2/IncT3x_5_run05.json,
ILS_v2,3X,IncT3x_5,6,6,52268.849,1860.447,ILS,52268.849,1860.447,3709.855,109.85500000000002,False,True,True,57,160,50,17,experiments/GRASP/results_ils_v2/IncT3x_5_run06.json,
ILS_v2,3X,IncT3x_5,7,7,61541.301,1575.273,ILS,61541.301,1575.273,3630.454,30.45400000000018,False,True,True,57,160,50,19,experiments/GRASP/results_ils_v2/IncT3x_5_run07.json,
ILS_v2,3X,IncT3x_5,8,8,61783.737,2623.002,ILS,61783.737,2623.002,3666.313,66.3130000000001,False,True,True,57,160,50,17,experiments/GRASP/results_ils_v2/IncT3x_5_run08.json,
ILS_v2,3X,IncT3x_5,9,9,59182.358,3596.123,ILS,59182.358,3596.123,3601.088,1.0880000000001928,False,True,True,57,160,50,16,experiments/GRASP/results_ils_v2/IncT3x_5_run09.json,
ILS_v2,3X,IncT3x_5,10,10,51987.339,2990.773,ILS,51987.339,2990.773,3717.32,117.32000000000016,False,True,True,57,160,50,19,experiments/GRASP/results_ils_v2/IncT3x_5_run10.json,
ILS_v2,3X,IncT3x_6,1,1,80976.855,2959.766,ILS,80976.855,2959.766,3697.49,97.48999999999978,False,True,True,57,160,50,18,experiments/GRASP/results_ils_v2/IncT3x_6_run01.json,
ILS_v2,3X,IncT3x_6,2,2,81334.398,1713.833,ILS,80664.048,3694.804,3699.237,99.23700000000008,False,True,True,57,160,50,19,experiments/GRASP/results_ils_v2/IncT3x_6_run02.json,
ILS_v2,3X,IncT3x_6,3,3,80707.002,2697.69,ILS,80707.002,2697.69,3658.973,58.972999999999956,False,True,True,57,160,50,20,experiments/GRASP/results_ils_v2/IncT3x_6_run03.json,
ILS_v2,3X,IncT3x_6,4,4,84315.897,2620.733,ILS,84315.897,2620.733,3657.889,57.889000000000124,False,True,True,57,160,50,19,experiments/GRASP/results_ils_v2/IncT3x_6_run04.json,
ILS_v2,3X,IncT3x_6,5,5,80805.982,2903.361,ILS,80805.982,2903.361,3655.528,55.52799999999979,False,True,True,57,160,50,17,experiments/GRASP/results_ils_v2/IncT3x_6_run05.json,
ILS_v2,3X,IncT3x_6,6,6,81170.009,3436.819,ILS,81170.009,3436.819,3634.522,34.521999999999935,False,True,True,57,160,50,17,experiments/GRASP/results_ils_v2/IncT3x_6_run06.json,
ILS_v2,3X,IncT3x_6,7,7,79045.162,3154.326,ILS,79045.162,3154.326,3717.281,117.28099999999995,False,True,True,57,160,50,16,experiments/GRASP/results_ils_v2/IncT3x_6_run07.json,
ILS_v2,3X,IncT3x_6,8,8,82175.03,1503.058,ILS,82175.03,1503.058,3605.574,5.574000000000069,False,True,True,57,160,50,16,experiments/GRASP/results_ils_v2/IncT3x_6_run08.json,
ILS_v2,3X,IncT3x_6,9,9,80339.909,2862.35,ILS,80339.909,2862.35,3709.863,109.86299999999983,False,True,True,57,160,50,21,experiments/GRASP/results_ils_v2/IncT3x_6_run09.json,
ILS_v2,3X,IncT3x_6,10,10,85480.072,3040.999,ILS,85413.351,3622.385,3628.134,28.134000000000015,False,True,True,57,160,50,15,experiments/GRASP/results_ils_v2/IncT3x_6_run10.json,
ILS_v2,3X,IncT3x_7,1,1,23264.617,3522.991,ILS,23264.617,3522.991,3670.992,70.99200000000019,False,True,True,57,160,50,19,experiments/GRASP/results_ils_v2/IncT3x_7_run01.json,
ILS_v2,3X,IncT3x_7,2,2,22465.668,1627.936,ILS,22465.668,1627.936,3608.025,8.025000000000091,False,True,True,57,160,50,18,experiments/GRASP/results_ils_v2/IncT3x_7_run02.json,
ILS_v2,3X,IncT3x_7,3,3,21362.957,1472.701,ILS,21362.957,1472.701,3673.274,73.27399999999989,False,True,True,57,160,50,18,experiments/GRASP/results_ils_v2/IncT3x_7_run03.json,
ILS_v2,3X,IncT3x_7,4,4,20633.358,2534.864,ILS,20633.358,2534.864,3673.206,73.20600000000013,False,True,True,57,160,50,19,experiments/GRASP/results_ils_v2/IncT3x_7_run04.json,
ILS_v2,3X,IncT3x_7,5,5,22269.096,1416.442,ILS,22269.096,1416.442,3731.463,131.4630000000002,False,True,True,57,160,50,18,experiments/GRASP/results_ils_v2/IncT3x_7_run05.json,
ILS_v2,3X,IncT3x_7,6,6,21667.763,641.59,GRASP_warmup,21667.763,641.59,3740.227,140.22699999999986,False,True,True,57,160,50,18,experiments/GRASP/results_ils_v2/IncT3x_7_run06.json,
ILS_v2,3X,IncT3x_7,7,7,23355.991,3072.24,ILS,23355.991,3072.24,3726.808,126.80799999999999,False,True,True,57,160,50,22,experiments/GRASP/results_ils_v2/IncT3x_7_run07.json,
ILS_v2,3X,IncT3x_7,8,8,21366.491,1342.132,ILS,21366.491,1342.132,3621.958,21.958000000000084,False,True,True,57,160,50,16,experiments/GRASP/results_ils_v2/IncT3x_7_run08.json,
ILS_v2,3X,IncT3x_7,9,9,21703.332,2336.74,ILS,21703.332,2336.74,3733.844,133.84400000000005,False,True,True,57,160,50,19,experiments/GRASP/results_ils_v2/IncT3x_7_run09.json,
ILS_v2,3X,IncT3x_7,10,10,23502.73,3141.766,ILS,23502.73,3141.766,3660.109,60.108999999999924,False,True,True,57,160,50,21,experiments/GRASP/results_ils_v2/IncT3x_7_run10.json,
ILS_v2,3X,IncT3x_8,1,1,179916.468,1460.1,ILS,179916.468,1460.1,3660.91,60.909999999999854,False,True,True,57,160,50,19,experiments/GRASP/results_ils_v2/IncT3x_8_run01.json,
ILS_v2,3X,IncT3x_8,2,2,179293.164,1946.013,ILS,179293.164,1946.013,3630.331,30.33100000000013,False,True,True,57,160,50,19,experiments/GRASP/results_ils_v2/IncT3x_8_run02.json,
ILS_v2,3X,IncT3x_8,3,3,185162.108,3151.392,ILS,185162.108,3151.392,3690.255,90.25500000000011,False,True,True,57,160,50,17,experiments/GRASP/results_ils_v2/IncT3x_8_run03.json,
ILS_v2,3X,IncT3x_8,4,4,185378.291,1388.084,ILS,185378.291,1388.084,3661.426,61.42599999999993,False,True,True,57,160,50,22,experiments/GRASP/results_ils_v2/IncT3x_8_run04.json,
ILS_v2,3X,IncT3x_8,5,5,180074.831,2054.949,PR,180074.831,2054.949,3701.543,101.54300000000012,False,True,True,57,160,50,18,experiments/GRASP/results_ils_v2/IncT3x_8_run05.json,
ILS_v2,3X,IncT3x_8,6,6,184763.53,2437.099,ILS,184763.53,2437.099,3670.18,70.17999999999984,False,True,True,57,160,50,19,experiments/GRASP/results_ils_v2/IncT3x_8_run06.json,
ILS_v2,3X,IncT3x_8,7,7,190667.827,788.649,GRASP_warmup,190667.827,788.649,3723.234,123.23399999999992,False,True,True,57,160,50,22,experiments/GRASP/results_ils_v2/IncT3x_8_run07.json,
ILS_v2,3X,IncT3x_8,8,8,187188.403,3439.892,ILS,187188.403,3439.892,3642.921,42.92099999999982,False,True,True,57,160,50,16,experiments/GRASP/results_ils_v2/IncT3x_8_run08.json,
ILS_v2,3X,IncT3x_8,9,9,184934.46,2879.921,ILS,184934.46,2879.921,3718.237,118.23700000000008,False,True,True,57,160,50,18,experiments/GRASP/results_ils_v2/IncT3x_8_run09.json,
ILS_v2,3X,IncT3x_8,10,10,181714.56,1427.013,ILS,181714.56,1427.013,3696.708,96.70800000000008,False,True,True,57,160,50,20,experiments/GRASP/results_ils_v2/IncT3x_8_run10.json,
ILS_v2,3X,IncT3x_9,1,1,29985.913,3314.985,ILS,29985.913,3314.985,3694.553,94.55299999999988,False,True,True,57,160,50,17,experiments/GRASP/results_ils_v2/IncT3x_9_run01.json,
ILS_v2,3X,IncT3x_9,2,2,28657.003,2742.358,ILS,28657.003,2742.358,3638.697,38.697000000000116,False,True,True,57,160,50,17,experiments/GRASP/results_ils_v2/IncT3x_9_run02.json,
ILS_v2,3X,IncT3x_9,3,3,27116.225,3385.138,ILS,27116.225,3385.138,3843.643,243.64300000000003,False,True,True,57,160,50,16,experiments/GRASP/results_ils_v2/IncT3x_9_run03.json,
ILS_v2,3X,IncT3x_9,4,4,29334.185,2963.207,ILS,29334.185,2963.207,3668.126,68.1260000000002,False,True,True,57,160,50,18,experiments/GRASP/results_ils_v2/IncT3x_9_run04.json,
ILS_v2,3X,IncT3x_9,5,5,31435.975,2135.14,ILS,31435.975,2135.14,3822.662,222.6619999999998,False,True,True,57,160,50,18,experiments/GRASP/results_ils_v2/IncT3x_9_run05.json,
ILS_v2,3X,IncT3x_9,6,6,28358.964,1753.092,ILS,28358.964,1753.092,3627.559,27.559000000000196,False,True,True,57,160,50,17,experiments/GRASP/results_ils_v2/IncT3x_9_run06.json,
ILS_v2,3X,IncT3x_9,7,7,27297.327,2325.353,ILS,27297.327,2325.353,3698.63,98.63000000000011,False,True,True,57,160,50,17,experiments/GRASP/results_ils_v2/IncT3x_9_run07.json,
ILS_v2,3X,IncT3x_9,8,8,27069.28,3486.177,ILS,27069.28,3486.177,3701.153,101.15299999999979,False,True,True,57,160,50,16,experiments/GRASP/results_ils_v2/IncT3x_9_run08.json,
ILS_v2,3X,IncT3x_9,9,9,25388.89,3127.664,ILS,25388.89,3127.664,3658.792,58.791999999999916,False,True,True,57,160,50,19,experiments/GRASP/results_ils_v2/IncT3x_9_run09.json,
ILS_v2,3X,IncT3x_9,10,10,29355.7,2514.752,ILS,29355.7,2514.752,3659.206,59.20600000000013,False,True,True,57,160,50,17,experiments/GRASP/results_ils_v2/IncT3x_9_run10.json,
ILS_v2,4X,IncT4x_10,1,1,22682.472,2861.753,ILS,22682.472,2861.753,3690.724,90.72400000000016,False,True,True,76,160,50,13,experiments/GRASP/results_ils_v2/IncT4x_10_run01.json,
ILS_v2,4X,IncT4x_10,2,2,20906.763,2388.018,ILS,20906.763,2388.018,3653.17,53.17000000000007,False,True,True,76,160,50,11,experiments/GRASP/results_ils_v2/IncT4x_10_run02.json,
ILS_v2,4X,IncT4x_10,3,3,23221.553,2964.503,ILS,23221.553,2964.503,3821.55,221.55000000000018,False,True,True,76,160,50,11,experiments/GRASP/results_ils_v2/IncT4x_10_run03.json,
ILS_v2,4X,IncT4x_10,4,4,22245.292,2086.239,ILS,22245.292,2086.239,3824.65,224.6500000000001,False,True,True,76,160,50,12,experiments/GRASP/results_ils_v2/IncT4x_10_run04.json,
ILS_v2,4X,IncT4x_10,5,5,23738.302,3531.833,ILS,23129.202,3797.56,3802.811,202.81100000000015,False,True,True,76,160,50,15,experiments/GRASP/results_ils_v2/IncT4x_10_run05.json,
ILS_v2,4X,IncT4x_10,6,6,20157.417,2489.208,ILS,20157.417,2489.208,3667.102,67.10199999999986,False,True,True,76,160,50,11,experiments/GRASP/results_ils_v2/IncT4x_10_run06.json,
ILS_v2,4X,IncT4x_10,7,7,20557.924,2822.901,PR,20557.924,2822.901,3816.127,216.12699999999995,False,True,True,76,160,50,15,experiments/GRASP/results_ils_v2/IncT4x_10_run07.json,
ILS_v2,4X,IncT4x_10,8,8,22445.189,571.417,GRASP_warmup,22445.189,571.417,3797.443,197.4430000000002,False,True,True,76,160,50,11,experiments/GRASP/results_ils_v2/IncT4x_10_run08.json,
ILS_v2,4X,IncT4x_10,9,9,21998.007,1148.233,ILS,21998.007,1148.233,3705.652,105.65200000000004,False,True,True,76,160,50,13,experiments/GRASP/results_ils_v2/IncT4x_10_run09.json,
ILS_v2,4X,IncT4x_10,10,10,23785.217,590.424,GRASP_warmup,21246.003,3767.183,3773.362,173.36200000000008,False,True,True,76,160,50,12,experiments/GRASP/results_ils_v2/IncT4x_10_run10.json,
ILS_v2,4X,IncT4x_1,1,1,60722.191,2193.103,ILS,60722.191,2193.103,3654.29,54.289999999999964,False,True,True,76,160,50,13,experiments/GRASP/results_ils_v2/IncT4x_1_run01.json,
ILS_v2,4X,IncT4x_1,2,2,64003.094,2913.348,ILS,64003.094,2913.348,3748.191,148.1909999999998,False,True,True,76,160,50,13,experiments/GRASP/results_ils_v2/IncT4x_1_run02.json,
ILS_v2,4X,IncT4x_1,3,3,57415.375,3001.408,ILS,57415.375,3001.408,3815.214,215.21399999999994,False,True,True,76,160,50,15,experiments/GRASP/results_ils_v2/IncT4x_1_run03.json,
ILS_v2,4X,IncT4x_1,4,4,61873.366,2349.908,ILS,61873.366,2349.908,3622.353,22.353000000000065,False,True,True,76,160,50,11,experiments/GRASP/results_ils_v2/IncT4x_1_run04.json,
ILS_v2,4X,IncT4x_1,5,5,55959.758,3321.552,ILS,55959.758,3321.552,3679.787,79.78699999999981,False,True,True,76,160,50,13,experiments/GRASP/results_ils_v2/IncT4x_1_run05.json,
ILS_v2,4X,IncT4x_1,6,6,63119.476,3553.285,ILS,63119.476,3553.285,3846.105,246.10500000000002,False,True,True,76,160,50,12,experiments/GRASP/results_ils_v2/IncT4x_1_run06.json,
ILS_v2,4X,IncT4x_1,7,7,56962.476,3490.852,ILS,56962.476,3490.852,3789.744,189.74400000000014,False,True,True,76,160,50,11,experiments/GRASP/results_ils_v2/IncT4x_1_run07.json,
ILS_v2,4X,IncT4x_1,8,8,60694.665,1955.987,ILS,60694.665,1955.987,3745.397,145.39699999999993,False,True,True,76,160,50,12,experiments/GRASP/results_ils_v2/IncT4x_1_run08.json,
ILS_v2,4X,IncT4x_1,9,9,54208.086,3047.52,ILS,54208.086,3047.52,3740.699,140.69900000000007,False,True,True,76,160,50,14,experiments/GRASP/results_ils_v2/IncT4x_1_run09.json,
ILS_v2,4X,IncT4x_1,10,10,59120.723,2688.715,ILS,59120.723,2688.715,3671.324,71.32400000000007,False,True,True,76,160,50,12,experiments/GRASP/results_ils_v2/IncT4x_1_run10.json,
ILS_v2,4X,IncT4x_2,1,1,124581.262,3012.414,ILS,124581.262,3012.414,3795.916,195.91600000000017,False,True,True,76,160,50,13,experiments/GRASP/results_ils_v2/IncT4x_2_run01.json,
ILS_v2,4X,IncT4x_2,2,2,140570.305,3203.239,ILS,135769.0,3690.29,3696.311,96.31100000000015,False,True,True,76,160,50,13,experiments/GRASP/results_ils_v2/IncT4x_2_run02.json,
ILS_v2,4X,IncT4x_2,3,3,117470.63,2742.682,ILS,117470.63,2742.682,3616.424,16.423999999999978,False,True,True,76,160,50,12,experiments/GRASP/results_ils_v2/IncT4x_2_run03.json,
ILS_v2,4X,IncT4x_2,4,4,133326.635,2711.102,ILS,133326.635,2711.102,3637.106,37.10600000000022,False,True,True,76,160,50,11,experiments/GRASP/results_ils_v2/IncT4x_2_run04.json,
ILS_v2,4X,IncT4x_2,5,5,124870.529,1996.996,ILS,124870.529,1996.996,3752.27,152.26999999999998,False,True,True,76,160,50,11,experiments/GRASP/results_ils_v2/IncT4x_2_run05.json,
ILS_v2,4X,IncT4x_2,6,6,119069.869,3239.782,PR,119069.869,3239.782,3870.63,270.6300000000001,False,True,True,76,160,50,14,experiments/GRASP/results_ils_v2/IncT4x_2_run06.json,
ILS_v2,4X,IncT4x_2,7,7,132817.666,3112.394,PR,132817.666,3112.394,3646.371,46.371000000000095,False,True,True,76,160,50,10,experiments/GRASP/results_ils_v2/IncT4x_2_run07.json,
ILS_v2,4X,IncT4x_2,8,8,148925.922,1988.715,ILS,148925.922,1988.715,3715.598,115.59799999999996,False,True,True,76,160,50,10,experiments/GRASP/results_ils_v2/IncT4x_2_run08.json,
ILS_v2,4X,IncT4x_2,9,9,126641.551,2815.873,ILS,126641.551,2815.873,3632.362,32.36200000000008,False,True,True,76,160,50,16,experiments/GRASP/results_ils_v2/IncT4x_2_run09.json,
ILS_v2,4X,IncT4x_2,10,10,122080.906,2707.417,ILS,122080.906,2707.417,3823.781,223.78099999999995,False,True,True,76,160,50,10,experiments/GRASP/results_ils_v2/IncT4x_2_run10.json,
ILS_v2,4X,IncT4x_3,1,1,61162.895,2985.622,ILS,61162.895,2985.622,3752.852,152.85199999999986,False,True,True,76,160,50,13,experiments/GRASP/results_ils_v2/IncT4x_3_run01.json,
ILS_v2,4X,IncT4x_3,2,2,61808.556,2240.336,ILS,61808.556,2240.336,3830.801,230.80099999999993,False,True,True,76,160,50,15,experiments/GRASP/results_ils_v2/IncT4x_3_run02.json,
ILS_v2,4X,IncT4x_3,3,3,60876.147,3480.1,ILS,60876.147,3480.1,3681.206,81.20600000000013,False,True,True,76,160,50,13,experiments/GRASP/results_ils_v2/IncT4x_3_run03.json,
ILS_v2,4X,IncT4x_3,4,4,63896.036,2681.382,ILS,63896.036,2681.382,3766.359,166.35899999999992,False,True,True,76,160,50,12,experiments/GRASP/results_ils_v2/IncT4x_3_run04.json,
ILS_v2,4X,IncT4x_3,5,5,64023.616,369.324,GRASP_warmup,64023.616,369.324,3689.394,89.39399999999978,False,True,True,76,160,50,13,experiments/GRASP/results_ils_v2/IncT4x_3_run05.json,
ILS_v2,4X,IncT4x_3,6,6,63220.735,2118.394,ILS,63220.735,2118.394,3799.321,199.3209999999999,False,True,True,76,160,50,12,experiments/GRASP/results_ils_v2/IncT4x_3_run06.json,
ILS_v2,4X,IncT4x_3,7,7,65345.405,385.465,GRASP_warmup,65345.405,385.465,3669.494,69.49400000000014,False,True,True,76,160,50,9,experiments/GRASP/results_ils_v2/IncT4x_3_run07.json,
ILS_v2,4X,IncT4x_3,8,8,66961.718,3470.574,ILS,66961.718,3470.574,3834.192,234.192,False,True,True,76,160,50,10,experiments/GRASP/results_ils_v2/IncT4x_3_run08.json,
ILS_v2,4X,IncT4x_3,9,9,58956.125,2704.214,ILS,58956.125,2704.214,3792.906,192.90599999999995,False,True,True,76,160,50,14,experiments/GRASP/results_ils_v2/IncT4x_3_run09.json,
ILS_v2,4X,IncT4x_3,10,10,63255.293,197.705,GRASP_warmup,59418.993,3808.308,3813.701,213.70100000000002,False,True,True,76,160,50,13,experiments/GRASP/results_ils_v2/IncT4x_3_run10.json,
ILS_v2,4X,IncT4x_4,1,1,145131.916,2751.001,ILS,145131.916,2751.001,3771.239,171.23900000000003,False,True,True,76,160,50,12,experiments/GRASP/results_ils_v2/IncT4x_4_run01.json,
ILS_v2,4X,IncT4x_4,2,2,165147.692,2469.149,ILS,165147.692,2469.149,3654.721,54.721000000000004,False,True,True,76,160,50,9,experiments/GRASP/results_ils_v2/IncT4x_4_run02.json,
ILS_v2,4X,IncT4x_4,3,3,144366.873,2933.951,PR,143568.07,3657.287,3663.379,63.378999999999905,False,True,True,76,160,50,10,experiments/GRASP/results_ils_v2/IncT4x_4_run03.json,
ILS_v2,4X,IncT4x_4,4,4,144340.205,3149.48,ILS,144340.205,3149.48,3711.405,111.4050000000002,False,True,True,76,160,50,12,experiments/GRASP/results_ils_v2/IncT4x_4_run04.json,
ILS_v2,4X,IncT4x_4,5,5,153995.951,3262.163,ILS,153995.951,3262.163,3793.971,193.971,False,True,True,76,160,50,13,experiments/GRASP/results_ils_v2/IncT4x_4_run05.json,
ILS_v2,4X,IncT4x_4,6,6,155810.409,2875.013,ILS,155810.409,2875.013,3664.69,64.69000000000005,False,True,True,76,160,50,10,experiments/GRASP/results_ils_v2/IncT4x_4_run06.json,
ILS_v2,4X,IncT4x_4,7,7,153260.43,3136.417,ILS,153260.43,3136.417,3822.93,222.92999999999984,False,True,True,76,160,50,15,experiments/GRASP/results_ils_v2/IncT4x_4_run07.json,
ILS_v2,4X,IncT4x_4,8,8,157984.203,2718.51,ILS,157984.203,2718.51,3640.374,40.373999999999796,False,True,True,76,160,50,13,experiments/GRASP/results_ils_v2/IncT4x_4_run08.json,
ILS_v2,4X,IncT4x_4,9,9,162609.708,2304.78,ILS,162609.708,2304.78,3636.011,36.01099999999997,False,True,True,76,160,50,8,experiments/GRASP/results_ils_v2/IncT4x_4_run09.json,
ILS_v2,4X,IncT4x_4,10,10,147768.633,2373.226,ILS,147768.633,2373.226,3724.069,124.06899999999996,False,True,True,76,160,50,10,experiments/GRASP/results_ils_v2/IncT4x_4_run10.json,
ILS_v2,4X,IncT4x_5,1,1,67823.311,1427.588,ILS,67823.311,1427.588,3737.957,137.95699999999988,False,True,True,76,160,50,9,experiments/GRASP/results_ils_v2/IncT4x_5_run01.json,
ILS_v2,4X,IncT4x_5,2,2,61857.587,1992.481,ILS,61857.587,1992.481,3841.83,241.82999999999993,False,True,True,76,160,50,10,experiments/GRASP/results_ils_v2/IncT4x_5_run02.json,
ILS_v2,4X,IncT4x_5,3,3,48973.029,742.38,GRASP_warmup,48973.029,742.38,3689.461,89.46099999999979,False,True,True,76,160,50,11,experiments/GRASP/results_ils_v2/IncT4x_5_run03.json,
ILS_v2,4X,IncT4x_5,4,4,63438.414,3442.452,ILS,63438.414,3442.452,3748.44,148.44000000000005,False,True,True,76,160,50,10,experiments/GRASP/results_ils_v2/IncT4x_5_run04.json,
ILS_v2,4X,IncT4x_5,5,5,47752.589,245.772,GRASP_warmup,47752.589,245.772,3744.023,144.02300000000014,False,True,True,76,160,50,8,experiments/GRASP/results_ils_v2/IncT4x_5_run05.json,
ILS_v2,4X,IncT4x_5,6,6,67147.49,2977.107,ILS,67147.49,2977.107,3839.237,239.23700000000008,False,True,True,76,160,50,8,experiments/GRASP/results_ils_v2/IncT4x_5_run06.json,
ILS_v2,4X,IncT4x_5,7,7,68740.179,555.231,GRASP_warmup,68740.179,555.231,3837.455,237.45499999999993,False,True,True,76,160,50,10,experiments/GRASP/results_ils_v2/IncT4x_5_run07.json,
ILS_v2,4X,IncT4x_5,8,8,57015.482,3176.46,ILS,57015.482,3176.46,3735.747,135.74699999999984,False,True,True,76,160,50,9,experiments/GRASP/results_ils_v2/IncT4x_5_run08.json,
ILS_v2,4X,IncT4x_5,9,9,49087.193,113.184,GRASP_warmup,49087.193,113.184,3715.227,115.22699999999986,False,True,True,76,160,50,9,experiments/GRASP/results_ils_v2/IncT4x_5_run09.json,
ILS_v2,4X,IncT4x_5,10,10,61949.694,23.907,GRASP_warmup,61949.694,23.907,3799.72,199.7199999999998,False,True,True,76,160,50,10,experiments/GRASP/results_ils_v2/IncT4x_5_run10.json,
ILS_v2,4X,IncT4x_6,1,1,90181.877,2876.126,ILS,90181.877,2876.126,3733.967,133.9670000000001,False,True,True,76,160,50,10,experiments/GRASP/results_ils_v2/IncT4x_6_run01.json,
ILS_v2,4X,IncT4x_6,2,2,90376.355,1290.541,ILS,89634.961,3678.361,3684.27,84.26999999999998,False,True,True,76,160,50,12,experiments/GRASP/results_ils_v2/IncT4x_6_run02.json,
ILS_v2,4X,IncT4x_6,3,3,87236.82,2522.734,ILS,87236.82,2522.734,3807.152,207.15200000000004,False,True,True,76,160,50,11,experiments/GRASP/results_ils_v2/IncT4x_6_run03.json,
ILS_v2,4X,IncT4x_6,4,4,95397.915,2366.79,ILS,95397.915,2366.79,3705.98,105.98000000000002,False,True,True,76,160,50,14,experiments/GRASP/results_ils_v2/IncT4x_6_run04.json,
ILS_v2,4X,IncT4x_6,5,5,93421.759,1918.601,ILS,93421.759,1918.601,3728.227,128.22699999999986,False,True,True,76,160,50,12,experiments/GRASP/results_ils_v2/IncT4x_6_run05.json,
ILS_v2,4X,IncT4x_6,6,6,94292.155,3036.873,ILS,94292.155,3036.873,3676.238,76.23799999999983,False,True,True,76,160,50,12,experiments/GRASP/results_ils_v2/IncT4x_6_run06.json,
ILS_v2,4X,IncT4x_6,7,7,86939.556,2694.608,ILS,86939.556,2694.608,3661.52,61.51999999999998,False,True,True,76,160,50,9,experiments/GRASP/results_ils_v2/IncT4x_6_run07.json,
ILS_v2,4X,IncT4x_6,8,8,93347.18,2528.456,ILS,93347.18,2528.456,3711.817,111.81700000000001,False,True,True,76,160,50,11,experiments/GRASP/results_ils_v2/IncT4x_6_run08.json,
ILS_v2,4X,IncT4x_6,9,9,91551.235,3002.865,ILS,91551.235,3002.865,3659.308,59.30799999999999,False,True,True,76,160,50,11,experiments/GRASP/results_ils_v2/IncT4x_6_run09.json,
ILS_v2,4X,IncT4x_6,10,10,100774.548,2838.617,ILS,100774.548,2838.617,3671.359,71.35899999999992,False,True,True,76,160,50,10,experiments/GRASP/results_ils_v2/IncT4x_6_run10.json,
ILS_v2,4X,IncT4x_7,1,1,32192.638,3364.1,ILS,32192.638,3364.1,3654.642,54.641999999999825,False,True,True,76,160,50,9,experiments/GRASP/results_ils_v2/IncT4x_7_run01.json,
ILS_v2,4X,IncT4x_7,2,2,26897.394,516.19,GRASP_warmup,26897.394,516.19,3709.882,109.88200000000006,False,True,True,76,160,50,12,experiments/GRASP/results_ils_v2/IncT4x_7_run02.json,
ILS_v2,4X,IncT4x_7,3,3,35837.521,3278.964,ILS,35837.521,3278.964,3713.774,113.77399999999989,False,True,True,76,160,50,12,experiments/GRASP/results_ils_v2/IncT4x_7_run03.json,
ILS_v2,4X,IncT4x_7,4,4,32042.251,3549.591,ILS,32042.251,3549.591,3778.802,178.80200000000013,False,True,True,76,160,50,11,experiments/GRASP/results_ils_v2/IncT4x_7_run04.json,
ILS_v2,4X,IncT4x_7,5,5,35784.105,2670.622,ILS,35784.105,2670.622,3626.878,26.878000000000156,False,True,True,76,160,50,11,experiments/GRASP/results_ils_v2/IncT4x_7_run05.json,
ILS_v2,4X,IncT4x_7,6,6,36824.725,3203.333,ILS,36824.725,3203.333,3725.777,125.77700000000004,False,True,True,76,160,50,12,experiments/GRASP/results_ils_v2/IncT4x_7_run06.json,
ILS_v2,4X,IncT4x_7,7,7,30277.41,3283.876,ILS,30277.41,3283.876,3770.601,170.6010000000001,False,True,True,76,160,50,10,experiments/GRASP/results_ils_v2/IncT4x_7_run07.json,
ILS_v2,4X,IncT4x_7,8,8,26629.952,2471.327,ILS,26566.027,3682.303,3688.552,88.55200000000013,False,True,True,76,160,50,9,experiments/GRASP/results_ils_v2/IncT4x_7_run08.json,
ILS_v2,4X,IncT4x_7,9,9,30282.808,2747.215,PR,30282.808,2747.215,3690.376,90.3760000000002,False,True,True,76,160,50,13,experiments/GRASP/results_ils_v2/IncT4x_7_run09.json,
ILS_v2,4X,IncT4x_7,10,10,33785.335,667.743,GRASP_warmup,33785.335,667.743,3626.123,26.123000000000047,False,True,True,76,160,50,13,experiments/GRASP/results_ils_v2/IncT4x_7_run10.json,
ILS_v2,4X,IncT4x_8,1,1,195599.399,1545.131,ILS,195599.399,1545.131,3611.151,11.15099999999984,False,True,True,76,160,50,12,experiments/GRASP/results_ils_v2/IncT4x_8_run01.json,
ILS_v2,4X,IncT4x_8,2,2,191030.149,2723.181,ILS,188244.948,3675.938,3682.411,82.41100000000006,False,True,True,76,160,50,10,experiments/GRASP/results_ils_v2/IncT4x_8_run02.json,
ILS_v2,4X,IncT4x_8,3,3,184979.56,1494.275,ILS,184979.56,1494.275,3867.432,267.4319999999998,False,True,True,76,160,50,10,experiments/GRASP/results_ils_v2/IncT4x_8_run03.json,
ILS_v2,4X,IncT4x_8,4,4,201628.234,3287.288,ILS,201628.234,3287.288,3702.702,102.70200000000023,False,True,True,76,160,50,10,experiments/GRASP/results_ils_v2/IncT4x_8_run04.json,
ILS_v2,4X,IncT4x_8,5,5,194557.944,2507.459,PR,194557.944,2507.459,3788.623,188.62300000000005,False,True,True,76,160,50,12,experiments/GRASP/results_ils_v2/IncT4x_8_run05.json,
ILS_v2,4X,IncT4x_8,6,6,187791.638,3560.52,ILS,187791.638,3560.52,3778.957,178.95699999999988,False,True,True,76,160,50,11,experiments/GRASP/results_ils_v2/IncT4x_8_run06.json,
ILS_v2,4X,IncT4x_8,7,7,184146.272,3563.368,PR,184146.272,3563.368,3811.884,211.88400000000001,False,True,True,76,160,50,14,experiments/GRASP/results_ils_v2/IncT4x_8_run07.json,
ILS_v2,4X,IncT4x_8,8,8,191734.052,1011.667,GRASP_warmup,191734.052,1011.667,3704.409,104.4090000000001,False,True,True,76,160,50,11,experiments/GRASP/results_ils_v2/IncT4x_8_run08.json,
ILS_v2,4X,IncT4x_8,9,9,196155.007,845.043,GRASP_warmup,196155.007,845.043,3704.991,104.99099999999999,False,True,True,76,160,50,13,experiments/GRASP/results_ils_v2/IncT4x_8_run09.json,
ILS_v2,4X,IncT4x_8,10,10,182781.1,3589.184,ILS,182781.1,3589.184,3778.185,178.18499999999995,False,True,True,76,160,50,13,experiments/GRASP/results_ils_v2/IncT4x_8_run10.json,
ILS_v2,4X,IncT4x_9,1,1,33354.884,3564.237,ILS,33354.884,3564.237,3875.613,275.61299999999983,False,True,True,76,160,50,13,experiments/GRASP/results_ils_v2/IncT4x_9_run01.json,
ILS_v2,4X,IncT4x_9,2,2,43786.319,3153.325,ILS,43786.319,3153.325,3783.28,183.2800000000002,False,True,True,76,160,50,11,experiments/GRASP/results_ils_v2/IncT4x_9_run02.json,
ILS_v2,4X,IncT4x_9,3,3,31283.599,3251.721,PR,31283.599,3251.721,3663.709,63.70899999999983,False,True,True,76,160,50,10,experiments/GRASP/results_ils_v2/IncT4x_9_run03.json,
ILS_v2,4X,IncT4x_9,4,4,29805.886,1910.077,ILS,29805.886,1910.077,3777.693,177.6930000000002,False,True,True,76,160,50,11,experiments/GRASP/results_ils_v2/IncT4x_9_run04.json,
ILS_v2,4X,IncT4x_9,5,5,36085.092,2612.436,ILS,36085.092,2612.436,3809.934,209.9340000000002,False,True,True,76,160,50,13,experiments/GRASP/results_ils_v2/IncT4x_9_run05.json,
ILS_v2,4X,IncT4x_9,6,6,36379.704,1786.598,ILS,35230.102,3694.117,3700.65,100.65000000000009,False,True,True,76,160,50,11,experiments/GRASP/results_ils_v2/IncT4x_9_run06.json,
ILS_v2,4X,IncT4x_9,7,7,38008.735,3229.877,ILS,38008.735,3229.877,3901.744,301.74400000000014,False,True,True,76,160,50,11,experiments/GRASP/results_ils_v2/IncT4x_9_run07.json,
ILS_v2,4X,IncT4x_9,8,8,29981.122,3334.196,ILS,29981.122,3334.196,3621.891,21.891000000000076,False,True,True,76,160,50,10,experiments/GRASP/results_ils_v2/IncT4x_9_run08.json,
ILS_v2,4X,IncT4x_9,9,9,36546.283,3511.88,ILS,36546.283,3511.88,3724.06,124.05999999999995,False,True,True,76,160,50,12,experiments/GRASP/results_ils_v2/IncT4x_9_run09.json,
ILS_v2,4X,IncT4x_9,10,10,38447.011,168.533,GRASP_warmup,38447.011,168.533,3819.475,219.4749999999999,False,True,True,76,160,50,11,experiments/GRASP/results_ils_v2/IncT4x_9_run10.json,
ILS_v2,5X,IncT5x_10,1,1,30249.897,942.322,GRASP_warmup,30249.897,942.322,3662.329,62.32900000000018,False,True,True,95,160,50,6,experiments/GRASP/results_ils_v2/IncT5x_10_run01.json,
ILS_v2,5X,IncT5x_10,2,2,28983.412,1899.063,ILS,28983.412,1899.063,3619.34,19.340000000000146,False,True,True,95,160,50,7,experiments/GRASP/results_ils_v2/IncT5x_10_run02.json,
ILS_v2,5X,IncT5x_10,3,3,29612.574,2163.24,ILS,29612.574,2163.24,3699.946,99.94599999999991,False,True,True,95,160,50,9,experiments/GRASP/results_ils_v2/IncT5x_10_run03.json,
ILS_v2,5X,IncT5x_10,4,4,28548.288,2450.837,ILS,28548.288,2450.837,3784.096,184.096,False,True,True,95,160,50,7,experiments/GRASP/results_ils_v2/IncT5x_10_run04.json,
ILS_v2,5X,IncT5x_10,5,5,27253.828,3064.858,ILS,27253.828,3064.858,3782.428,182.42799999999988,False,True,True,95,160,50,8,experiments/GRASP/results_ils_v2/IncT5x_10_run05.json,
ILS_v2,5X,IncT5x_10,6,6,27748.33,2506.905,ILS,27748.33,2506.905,3650.09,50.090000000000146,False,True,True,95,160,50,6,experiments/GRASP/results_ils_v2/IncT5x_10_run06.json,
ILS_v2,5X,IncT5x_10,7,7,31187.936,3488.677,ILS,29859.14,3831.781,3837.036,237.03600000000006,False,True,True,95,160,50,7,experiments/GRASP/results_ils_v2/IncT5x_10_run07.json,
ILS_v2,5X,IncT5x_10,8,8,25641.154,3297.433,ILS,25641.154,3297.433,3829.935,229.93499999999995,False,True,True,95,160,50,5,experiments/GRASP/results_ils_v2/IncT5x_10_run08.json,
ILS_v2,5X,IncT5x_10,9,9,30164.091,2066.117,ILS,30164.091,2066.117,3714.562,114.5619999999999,False,True,True,95,160,50,4,experiments/GRASP/results_ils_v2/IncT5x_10_run09.json,
ILS_v2,5X,IncT5x_10,10,10,25642.396,3369.643,ILS,25271.66,3681.438,3688.486,88.48599999999988,False,True,True,95,160,50,7,experiments/GRASP/results_ils_v2/IncT5x_10_run10.json,
ILS_v2,5X,IncT5x_1,1,1,61805.155,3293.599,ILS,61805.155,3293.599,3820.044,220.04399999999987,False,True,True,95,160,50,5,experiments/GRASP/results_ils_v2/IncT5x_1_run01.json,
ILS_v2,5X,IncT5x_1,2,2,70385.199,2701.398,ILS,70385.199,2701.398,3622.819,22.81899999999996,False,True,True,95,160,50,8,experiments/GRASP/results_ils_v2/IncT5x_1_run02.json,
ILS_v2,5X,IncT5x_1,3,3,73668.018,1394.882,ILS,73668.018,1394.882,3843.518,243.51800000000003,False,True,True,95,160,50,7,experiments/GRASP/results_ils_v2/IncT5x_1_run03.json,
ILS_v2,5X,IncT5x_1,4,4,68609.112,2662.252,ILS,68609.112,2662.252,3623.115,23.11499999999978,False,True,True,95,160,50,5,experiments/GRASP/results_ils_v2/IncT5x_1_run04.json,
ILS_v2,5X,IncT5x_1,5,5,76499.934,3033.073,ILS,74339.252,3792.097,3800.26,200.26000000000022,False,True,True,95,160,50,7,experiments/GRASP/results_ils_v2/IncT5x_1_run05.json,
ILS_v2,5X,IncT5x_1,6,6,65559.293,2117.314,ILS,60934.004,3950.79,3958.072,358.0720000000001,False,True,True,95,160,50,7,experiments/GRASP/results_ils_v2/IncT5x_1_run06.json,
ILS_v2,5X,IncT5x_1,7,7,64971.189,1684.577,ILS,64971.189,1684.577,3900.253,300.25300000000016,False,True,True,95,160,50,7,experiments/GRASP/results_ils_v2/IncT5x_1_run07.json,
ILS_v2,5X,IncT5x_1,8,8,67096.193,3539.094,ILS,67096.193,3539.094,3941.434,341.4340000000002,False,True,True,95,160,50,4,experiments/GRASP/results_ils_v2/IncT5x_1_run08.json,
ILS_v2,5X,IncT5x_1,9,9,68081.04,2185.661,ILS,68081.04,2185.661,3947.963,347.9630000000002,False,True,True,95,160,50,7,experiments/GRASP/results_ils_v2/IncT5x_1_run09.json,
ILS_v2,5X,IncT5x_1,10,10,65270.765,2620.671,ILS,65270.765,2620.671,3979.863,379.86299999999983,False,True,True,95,160,50,6,experiments/GRASP/results_ils_v2/IncT5x_1_run10.json,
ILS_v2,5X,IncT5x_2,1,1,149981.64,3288.411,ILS,144939.235,3786.999,3794.178,194.17799999999988,False,True,True,95,160,50,6,experiments/GRASP/results_ils_v2/IncT5x_2_run01.json,
ILS_v2,5X,IncT5x_2,2,2,151110.867,3327.157,ILS,151110.867,3327.157,3726.697,126.69700000000012,False,True,True,95,160,50,8,experiments/GRASP/results_ils_v2/IncT5x_2_run02.json,
ILS_v2,5X,IncT5x_2,3,3,152022.265,2986.297,ILS,152022.265,2986.297,3725.519,125.51899999999978,False,True,True,95,160,50,8,experiments/GRASP/results_ils_v2/IncT5x_2_run03.json,
ILS_v2,5X,IncT5x_2,4,4,136944.351,1097.887,ILS,136944.351,1097.887,3825.902,225.90200000000004,False,True,True,95,160,50,9,experiments/GRASP/results_ils_v2/IncT5x_2_run04.json,
ILS_v2,5X,IncT5x_2,5,5,142674.145,2424.019,ILS,133815.243,3885.988,3892.285,292.28499999999985,False,True,True,95,160,50,6,experiments/GRASP/results_ils_v2/IncT5x_2_run05.json,
ILS_v2,5X,IncT5x_2,6,6,141092.552,1555.028,GRASP_warmup,141092.552,1555.028,3856.953,256.953,False,True,True,95,160,50,5,experiments/GRASP/results_ils_v2/IncT5x_2_run06.json,
ILS_v2,5X,IncT5x_2,7,7,132253.073,3346.32,ILS,127838.474,3703.397,3711.81,111.80999999999995,False,True,True,95,160,50,7,experiments/GRASP/results_ils_v2/IncT5x_2_run07.json,
ILS_v2,5X,IncT5x_2,8,8,142877.513,2459.319,ILS,142877.513,2459.319,3908.866,308.866,False,True,True,95,160,50,7,experiments/GRASP/results_ils_v2/IncT5x_2_run08.json,
ILS_v2,5X,IncT5x_2,9,9,144601.128,417.118,GRASP_warmup,131261.166,3623.455,3630.525,30.52500000000009,False,True,True,95,160,50,8,experiments/GRASP/results_ils_v2/IncT5x_2_run09.json,
ILS_v2,5X,IncT5x_2,10,10,128756.484,3512.629,ILS,127719.441,3743.366,3749.303,149.30299999999988,False,True,True,95,160,50,10,experiments/GRASP/results_ils_v2/IncT5x_2_run10.json,
ILS_v2,5X,IncT5x_3,1,1,64510.463,987.843,GRASP_warmup,64510.463,987.843,3741.378,141.37800000000016,False,True,True,95,160,50,5,experiments/GRASP/results_ils_v2/IncT5x_3_run01.json,
ILS_v2,5X,IncT5x_3,2,2,71561.96,2100.216,ILS,71561.96,2100.216,3719.963,119.96300000000019,False,True,True,95,160,50,7,experiments/GRASP/results_ils_v2/IncT5x_3_run02.json,
ILS_v2,5X,IncT5x_3,3,3,73911.899,1834.223,ILS,73911.899,1834.223,3686.19,86.19000000000005,False,True,True,95,160,50,7,experiments/GRASP/results_ils_v2/IncT5x_3_run03.json,
ILS_v2,5X,IncT5x_3,4,4,66434.182,720.315,GRASP_warmup,66434.182,720.315,3868.809,268.8090000000002,False,True,True,95,160,50,6,experiments/GRASP/results_ils_v2/IncT5x_3_run04.json,
ILS_v2,5X,IncT5x_3,5,5,67722.07,2612.473,ILS,66558.96,3608.623,3616.808,16.807999999999993,False,True,True,95,160,50,7,experiments/GRASP/results_ils_v2/IncT5x_3_run05.json,
ILS_v2,5X,IncT5x_3,6,6,69624.446,1923.936,ILS,69624.446,1923.936,3755.586,155.58599999999979,False,True,True,95,160,50,5,experiments/GRASP/results_ils_v2/IncT5x_3_run06.json,
ILS_v2,5X,IncT5x_3,7,7,69520.774,289.478,GRASP_warmup,69520.774,289.478,3860.766,260.7660000000001,False,True,True,95,160,50,7,experiments/GRASP/results_ils_v2/IncT5x_3_run07.json,
ILS_v2,5X,IncT5x_3,8,8,69623.498,3133.776,ILS,69623.498,3133.776,3626.676,26.67599999999993,False,True,True,95,160,50,3,experiments/GRASP/results_ils_v2/IncT5x_3_run08.json,
ILS_v2,5X,IncT5x_3,9,9,68096.09,500.187,GRASP_warmup,68096.09,500.187,3852.674,252.67399999999998,False,True,True,95,160,50,8,experiments/GRASP/results_ils_v2/IncT5x_3_run09.json,
ILS_v2,5X,IncT5x_3,10,10,70109.562,3115.755,ILS,67745.789,3870.458,3875.205,275.2049999999999,False,True,True,95,160,50,9,experiments/GRASP/results_ils_v2/IncT5x_3_run10.json,
ILS_v2,5X,IncT5x_4,1,1,158272.459,1617.273,ILS,158272.459,1617.273,4009.326,409.326,False,True,True,95,160,50,6,experiments/GRASP/results_ils_v2/IncT5x_4_run01.json,
ILS_v2,5X,IncT5x_4,2,2,158737.447,2958.468,PR,158737.447,2958.468,3988.746,388.7460000000001,False,True,True,95,160,50,7,experiments/GRASP/results_ils_v2/IncT5x_4_run02.json,
ILS_v2,5X,IncT5x_4,3,3,169623.794,3422.157,ILS,167512.054,3794.092,3802.144,202.14399999999978,False,True,True,95,160,50,5,experiments/GRASP/results_ils_v2/IncT5x_4_run03.json,
ILS_v2,5X,IncT5x_4,4,4,153061.727,3491.401,ILS,153061.727,3491.401,3895.284,295.2840000000001,False,True,True,95,160,50,8,experiments/GRASP/results_ils_v2/IncT5x_4_run04.json,
ILS_v2,5X,IncT5x_4,5,5,153793.989,3379.67,ILS,153793.989,3379.67,3754.216,154.2159999999999,False,True,True,95,160,50,6,experiments/GRASP/results_ils_v2/IncT5x_4_run05.json,
ILS_v2,5X,IncT5x_4,6,6,163860.21,2238.296,ILS,163860.21,2238.296,3981.392,381.3919999999998,False,True,True,95,160,50,8,experiments/GRASP/results_ils_v2/IncT5x_4_run06.json,
ILS_v2,5X,IncT5x_4,7,7,171244.512,1223.43,GRASP_warmup,171244.512,1223.43,3810.32,210.32000000000016,False,True,True,95,160,50,6,experiments/GRASP/results_ils_v2/IncT5x_4_run07.json,
ILS_v2,5X,IncT5x_4,8,8,172747.012,3151.737,ILS,172747.012,3151.737,3684.062,84.0619999999999,False,True,True,95,160,50,4,experiments/GRASP/results_ils_v2/IncT5x_4_run08.json,
ILS_v2,5X,IncT5x_4,9,9,174735.918,3270.755,PR,174735.918,3270.755,3812.086,212.08599999999979,False,True,True,95,160,50,6,experiments/GRASP/results_ils_v2/IncT5x_4_run09.json,
ILS_v2,5X,IncT5x_4,10,10,155885.552,2868.245,ILS,155885.552,2868.245,3645.637,45.63700000000017,False,True,True,95,160,50,6,experiments/GRASP/results_ils_v2/IncT5x_4_run10.json,
ILS_v2,5X,IncT5x_5,1,1,65042.57,3535.578,ILS,65042.57,3535.578,3846.931,246.93100000000004,False,True,True,95,160,50,7,experiments/GRASP/results_ils_v2/IncT5x_5_run01.json,
ILS_v2,5X,IncT5x_5,2,2,68660.905,2596.487,ILS,68660.905,2596.487,3857.066,257.0659999999998,False,True,True,95,160,50,6,experiments/GRASP/results_ils_v2/IncT5x_5_run02.json,
ILS_v2,5X,IncT5x_5,3,3,77568.449,3264.886,ILS,77568.449,3264.886,3656.404,56.403999999999996,False,True,True,95,160,50,5,experiments/GRASP/results_ils_v2/IncT5x_5_run03.json,
ILS_v2,5X,IncT5x_5,4,4,69274.724,89.423,GRASP_warmup,69274.724,89.423,3934.578,334.578,False,True,True,95,160,50,5,experiments/GRASP/results_ils_v2/IncT5x_5_run04.json,
ILS_v2,5X,IncT5x_5,5,5,72108.2,3266.587,ILS,72108.2,3266.587,3879.803,279.8029999999999,False,True,True,95,160,50,5,experiments/GRASP/results_ils_v2/IncT5x_5_run05.json,
ILS_v2,5X,IncT5x_5,6,6,76513.012,98.428,GRASP_warmup,76513.012,98.428,3828.305,228.30499999999984,False,True,True,95,160,50,7,experiments/GRASP/results_ils_v2/IncT5x_5_run06.json,
ILS_v2,5X,IncT5x_5,7,7,74518.087,1558.736,ILS,74518.087,1558.736,3797.465,197.46500000000015,False,True,True,95,160,50,6,experiments/GRASP/results_ils_v2/IncT5x_5_run07.json,
ILS_v2,5X,IncT5x_5,8,8,78836.74,2442.038,ILS,78836.74,2442.038,3876.463,276.4630000000002,False,True,True,95,160,50,5,experiments/GRASP/results_ils_v2/IncT5x_5_run08.json,
ILS_v2,5X,IncT5x_5,9,9,79027.113,2519.172,ILS,79027.113,2519.172,3914.741,314.741,False,True,True,95,160,50,5,experiments/GRASP/results_ils_v2/IncT5x_5_run09.json,
ILS_v2,5X,IncT5x_5,10,10,70866.187,38.539,GRASP_warmup,68827.893,3701.19,3709.544,109.54399999999987,False,True,True,95,160,50,6,experiments/GRASP/results_ils_v2/IncT5x_5_run10.json,
ILS_v2,5X,IncT5x_6,1,1,104628.853,440.528,GRASP_warmup,104628.853,440.528,3956.928,356.9279999999999,False,True,True,95,160,50,8,experiments/GRASP/results_ils_v2/IncT5x_6_run01.json,
ILS_v2,5X,IncT5x_6,2,2,94932.155,1384.312,ILS,94932.155,1384.312,3631.696,31.695999999999913,False,True,True,95,160,50,7,experiments/GRASP/results_ils_v2/IncT5x_6_run02.json,
ILS_v2,5X,IncT5x_6,3,3,100416.861,716.108,GRASP_warmup,100416.861,716.108,3685.677,85.67700000000013,False,True,True,95,160,50,7,experiments/GRASP/results_ils_v2/IncT5x_6_run03.json,
ILS_v2,5X,IncT5x_6,4,4,111211.555,1208.544,ILS,99662.09,3887.548,3894.266,294.2660000000001,False,True,True,95,160,50,7,experiments/GRASP/results_ils_v2/IncT5x_6_run04.json,
ILS_v2,5X,IncT5x_6,5,5,101214.839,3187.506,ILS,101214.839,3187.506,3765.122,165.12199999999984,False,True,True,95,160,50,8,experiments/GRASP/results_ils_v2/IncT5x_6_run05.json,
ILS_v2,5X,IncT5x_6,6,6,99254.906,1499.879,ILS,99254.906,1499.879,3849.181,249.18100000000004,False,True,True,95,160,50,8,experiments/GRASP/results_ils_v2/IncT5x_6_run06.json,
ILS_v2,5X,IncT5x_6,7,7,97296.906,2699.866,ILS,96919.428,3906.008,3912.537,312.5369999999998,False,True,True,95,160,50,5,experiments/GRASP/results_ils_v2/IncT5x_6_run07.json,
ILS_v2,5X,IncT5x_6,8,8,95989.936,3485.668,ILS,95989.936,3485.668,3807.234,207.23399999999992,False,True,True,95,160,50,9,experiments/GRASP/results_ils_v2/IncT5x_6_run08.json,
ILS_v2,5X,IncT5x_6,9,9,100037.313,1988.443,ILS,100037.313,1988.443,3724.794,124.79399999999987,False,True,True,95,160,50,5,experiments/GRASP/results_ils_v2/IncT5x_6_run09.json,
ILS_v2,5X,IncT5x_6,10,10,102606.284,775.281,GRASP_warmup,97264.196,3786.682,3794.734,194.73399999999992,False,True,True,95,160,50,7,experiments/GRASP/results_ils_v2/IncT5x_6_run10.json,
ILS_v2,5X,IncT5x_7,1,1,39982.897,3095.154,ILS,39982.897,3095.154,3827.7,227.69999999999982,False,True,True,95,160,50,2,experiments/GRASP/results_ils_v2/IncT5x_7_run01.json,
ILS_v2,5X,IncT5x_7,2,2,35085.29,2762.267,ILS,35085.29,2762.267,3944.984,344.9839999999999,False,True,True,95,160,50,7,experiments/GRASP/results_ils_v2/IncT5x_7_run02.json,
ILS_v2,5X,IncT5x_7,3,3,35585.88,2980.91,ILS,35585.88,2980.91,4028.669,428.66899999999987,False,True,True,95,160,50,6,experiments/GRASP/results_ils_v2/IncT5x_7_run03.json,
ILS_v2,5X,IncT5x_7,4,4,39273.522,3083.941,ILS,39273.522,3083.941,3943.18,343.17999999999984,False,True,True,95,160,50,8,experiments/GRASP/results_ils_v2/IncT5x_7_run04.json,
ILS_v2,5X,IncT5x_7,5,5,33159.188,2569.357,ILS,33104.929,3791.395,3801.164,201.16400000000021,False,True,True,95,160,50,5,experiments/GRASP/results_ils_v2/IncT5x_7_run05.json,
ILS_v2,5X,IncT5x_7,6,6,32890.491,243.643,GRASP_warmup,32890.491,243.643,3853.656,253.65599999999995,False,True,True,95,160,50,9,experiments/GRASP/results_ils_v2/IncT5x_7_run06.json,
ILS_v2,5X,IncT5x_7,7,7,45926.28,2005.217,ILS,42740.443,3713.72,3724.827,124.82700000000023,False,True,True,95,160,50,5,experiments/GRASP/results_ils_v2/IncT5x_7_run07.json,
ILS_v2,5X,IncT5x_7,8,8,47654.487,1555.456,GRASP_warmup,47654.487,1555.456,3984.789,384.7890000000002,False,True,True,95,160,50,5,experiments/GRASP/results_ils_v2/IncT5x_7_run08.json,
ILS_v2,5X,IncT5x_7,9,9,38041.387,3075.106,ILS,38041.387,3075.106,3860.82,260.82000000000016,False,True,True,95,160,50,6,experiments/GRASP/results_ils_v2/IncT5x_7_run09.json,
ILS_v2,5X,IncT5x_7,10,10,45294.783,2833.022,ILS,45294.783,2833.022,3601.373,1.3730000000000473,False,True,True,95,160,50,9,experiments/GRASP/results_ils_v2/IncT5x_7_run10.json,
ILS_v2,5X,IncT5x_8,1,1,202847.088,2944.224,ILS,202847.088,2944.224,3602.869,2.869000000000142,False,True,True,95,160,50,7,experiments/GRASP/results_ils_v2/IncT5x_8_run01.json,
ILS_v2,5X,IncT5x_8,2,2,192509.469,1561.63,ILS,192509.469,1561.63,3855.576,255.57600000000002,False,True,True,95,160,50,7,experiments/GRASP/results_ils_v2/IncT5x_8_run02.json,
ILS_v2,5X,IncT5x_8,3,3,193974.569,3544.599,ILS,193974.569,3544.599,3790.477,190.47699999999986,False,True,True,95,160,50,7,experiments/GRASP/results_ils_v2/IncT5x_8_run03.json,
ILS_v2,5X,IncT5x_8,4,4,230482.49,3478.303,ILS,216630.089,3843.507,3850.497,250.49699999999984,False,True,True,95,160,50,7,experiments/GRASP/results_ils_v2/IncT5x_8_run04.json,
ILS_v2,5X,IncT5x_8,5,5,232845.395,2560.973,ILS,232845.395,2560.973,3636.492,36.49200000000019,False,True,True,95,160,50,6,experiments/GRASP/results_ils_v2/IncT5x_8_run05.json,
ILS_v2,5X,IncT5x_8,6,6,199681.109,2944.532,ILS,199681.109,2944.532,3819.302,219.30200000000013,False,True,True,95,160,50,9,experiments/GRASP/results_ils_v2/IncT5x_8_run06.json,
ILS_v2,5X,IncT5x_8,7,7,212999.874,2761.429,ILS,210407.482,3890.649,3896.037,296.0369999999998,False,True,True,95,160,50,6,experiments/GRASP/results_ils_v2/IncT5x_8_run07.json,
ILS_v2,5X,IncT5x_8,8,8,216511.49,2254.311,ILS,209304.965,3747.389,3754.545,154.54500000000007,False,True,True,95,160,50,8,experiments/GRASP/results_ils_v2/IncT5x_8_run08.json,
ILS_v2,5X,IncT5x_8,9,9,200369.56,3286.508,PR,200369.56,3286.508,3602.636,2.6359999999999673,False,True,True,95,160,50,8,experiments/GRASP/results_ils_v2/IncT5x_8_run09.json,
ILS_v2,5X,IncT5x_8,10,10,202803.511,114.608,GRASP_warmup,202803.511,114.608,3887.323,287.32299999999987,False,True,True,95,160,50,6,experiments/GRASP/results_ils_v2/IncT5x_8_run10.json,
ILS_v2,5X,IncT5x_9,1,1,46318.834,2606.38,ILS,46318.834,2606.38,4022.799,422.799,False,True,True,95,160,50,4,experiments/GRASP/results_ils_v2/IncT5x_9_run01.json,
ILS_v2,5X,IncT5x_9,2,2,43751.949,2123.506,ILS,43751.949,2123.506,3678.898,78.89800000000014,False,True,True,95,160,50,5,experiments/GRASP/results_ils_v2/IncT5x_9_run02.json,
ILS_v2,5X,IncT5x_9,3,3,39314.12,3302.662,ILS,39314.12,3302.662,3802.412,202.4119999999998,False,True,True,95,160,50,7,experiments/GRASP/results_ils_v2/IncT5x_9_run03.json,
ILS_v2,5X,IncT5x_9,4,4,39685.964,3286.45,ILS,39685.964,3286.45,3876.781,276.78099999999995,False,True,True,95,160,50,6,experiments/GRASP/results_ils_v2/IncT5x_9_run04.json,
ILS_v2,5X,IncT5x_9,5,5,38785.716,3365.376,ILS,38785.716,3365.376,3829.136,229.13599999999997,False,True,True,95,160,50,6,experiments/GRASP/results_ils_v2/IncT5x_9_run05.json,
ILS_v2,5X,IncT5x_9,6,6,39608.516,2642.381,ILS,39608.516,2642.381,3856.776,256.77599999999984,False,True,True,95,160,50,6,experiments/GRASP/results_ils_v2/IncT5x_9_run06.json,
ILS_v2,5X,IncT5x_9,7,7,44512.955,1589.278,ILS,42641.892,3614.799,3623.043,23.04300000000012,False,True,True,95,160,50,8,experiments/GRASP/results_ils_v2/IncT5x_9_run07.json,
ILS_v2,5X,IncT5x_9,8,8,40800.211,536.769,GRASP_warmup,40800.211,536.769,3637.516,37.516000000000076,False,True,True,95,160,50,4,experiments/GRASP/results_ils_v2/IncT5x_9_run08.json,
ILS_v2,5X,IncT5x_9,9,9,39524.345,2424.798,ILS,39524.345,2424.798,3691.343,91.34299999999985,False,True,True,95,160,50,8,experiments/GRASP/results_ils_v2/IncT5x_9_run09.json,
ILS_v2,5X,IncT5x_9,10,10,41334.951,1446.86,ILS,41334.951,1446.86,3923.788,323.788,False,True,True,95,160,50,9,experiments/GRASP/results_ils_v2/IncT5x_9_run10.json,
ILS_v2,S,S_1,1,1,37599.389,735.149,PR,37599.389,735.149,3600.064,0.06399999999985084,False,True,True,19,160,50,3918,experiments/matheuristics/results_production/s1/S_1_run01.json,
ILS_v2,S,S_1,2,2,38270.693,1551.356,ILS,38270.693,1551.356,3601.074,1.0740000000000691,False,True,True,19,160,50,3765,experiments/matheuristics/results_production/s1/S_1_run02.json,
ILS_v2,S,S_1,3,3,38146.964,925.15,ILS,38146.964,925.15,3600.158,0.15799999999990177,False,True,True,19,160,50,3948,experiments/matheuristics/results_production/s1/S_1_run03.json,
ILS_v2,S,S_1,4,4,37646.489,728.561,ILS,37646.489,728.561,3600.221,0.22100000000000364,False,True,True,19,160,50,4008,experiments/matheuristics/results_production/s1/S_1_run04.json,
ILS_v2,S,S_1,5,5,37590.964,1689.179,PR,37590.964,1689.179,3600.029,0.028999999999996362,False,True,True,19,160,50,3945,experiments/matheuristics/results_production/s1/S_1_run05.json,
ILS_v2,S,S_1,6,6,37093.036,1070.568,ILS,37093.036,1070.568,3600.388,0.38799999999991996,False,True,True,19,160,50,3728,experiments/matheuristics/results_production/s1/S_1_run06.json,
ILS_v2,S,S_1,7,7,37471.284,1100.061,ILS,37471.284,1100.061,3601.017,1.0169999999998254,False,True,True,19,160,50,3896,experiments/matheuristics/results_production/s1/S_1_run07.json,
ILS_v2,S,S_1,8,8,38368.118,3184.686,ILS,38368.118,3184.686,3600.246,0.2460000000000946,False,True,True,19,160,50,3908,experiments/matheuristics/results_production/s1/S_1_run08.json,
ILS_v2,S,S_1,9,9,37586.384,1075.618,ILS,37586.384,1075.618,3600.18,0.1799999999998363,False,True,True,19,160,50,3943,experiments/matheuristics/results_production/s1/S_1_run09.json,
ILS_v2,S,S_1,10,10,37641.989,725.669,ILS,37641.989,725.669,3600.193,0.193000000000211,False,True,True,19,160,50,4002,experiments/matheuristics/results_production/s1/S_1_run10.json,
ILS_v2,Real order book,REAL_1,1,1,11493.95,143.254,GRASP_warmup,11493.95,143.254,3600.091,0.0909999999998945,False,True,True,19,160,50,4085,experiments/matheuristics/results_production/real/REAL_1_run01.json,
ILS_v2,Real order book,REAL_1,2,2,11493.95,150.343,GRASP_warmup,11493.95,150.343,3600.709,0.7089999999998327,False,True,True,19,160,50,4072,experiments/matheuristics/results_production/real/REAL_1_run02.json,
ILS_v2,Real order book,REAL_1,3,3,11474.25,724.887,ILS,11474.25,724.887,3600.422,0.42200000000002547,False,True,True,19,160,50,4092,experiments/matheuristics/results_production/real/REAL_1_run03.json,
ILS_v2,Real order book,REAL_1,4,4,11493.95,131.144,GRASP_warmup,11493.95,131.144,3601.139,1.1390000000001237,False,True,True,19,160,50,4088,experiments/matheuristics/results_production/real/REAL_1_run04.json,
ILS_v2,Real order book,REAL_1,5,5,11480.0,65.052,GRASP_warmup,11480.0,65.052,3600.454,0.45400000000017826,False,True,True,19,160,50,4071,experiments/matheuristics/results_production/real/REAL_1_run05.json,
ILS_v2,Real order book,REAL_1,6,6,11493.95,302.089,GRASP_warmup,11493.95,302.089,3600.282,0.2820000000001528,False,True,True,19,160,50,4020,experiments/matheuristics/results_production/real/REAL_1_run06.json,
ILS_v2,Real order book,REAL_1,7,7,11481.0,1826.59,GRASP_restart,11481.0,1826.59,3600.159,0.1590000000001055,False,True,True,19,160,50,4053,experiments/matheuristics/results_production/real/REAL_1_run07.json,
ILS_v2,Real order book,REAL_1,8,8,11493.95,403.325,GRASP_warmup,11493.95,403.325,3600.59,0.5900000000001455,False,True,True,19,160,50,4069,experiments/matheuristics/results_production/real/REAL_1_run08.json,
ILS_v2,Real order book,REAL_1,9,9,11493.95,568.367,GRASP_warmup,11493.95,568.367,3600.721,0.7210000000000036,False,True,True,19,160,50,4060,experiments/matheuristics/results_production/real/REAL_1_run09.json,
ILS_v2,Real order book,REAL_1,10,10,11481.0,657.146,GRASP_warmup,11481.0,657.146,3600.346,0.34600000000000364,False,True,True,19,160,50,4068,experiments/matheuristics/results_production/real/REAL_1_run10.json,
