method,dataset,instance,n_runs,Z_at_cutoff,Z_mean_at_cutoff,Z_std_at_cutoff,Z_worst_at_cutoff,Z_best_untruncated,Z_best_with_cross_pr,postbudget_gain_pct,cross_pr_gain_pct,total_noncompliant_gain_pct,selected_run_id,selected_time_s,selected_source_path,schedule_available,schedule_validated,source_run_hard_stop_compliant,value_found_within_budget,comparison_eligible,cutoff_s,summary_source_path
ILS_v2,2X,IncT2X_1,10,42278.155,43834.2662,1016.6308028480697,45425.166,42278.155,42131.48,0.0,0.3469285733968184,0.3469285733968184,1,3055.493,experiments/GRASP/results_ils_v2/IncT2X_1_run01.json,True,True,False,True,True,3600.0,experiments/GRASP/results_ils_v2/IncT2X_1_summary.json
ILS_v2,2X,IncT2X_10,10,8862.78,10203.8462,693.6338048336133,11240.278,8862.78,8845.78,0.0,0.19181340392066595,0.19181340392066595,5,3337.298,experiments/GRASP/results_ils_v2/IncT2X_10_run05.json,True,True,False,True,True,3600.0,experiments/GRASP/results_ils_v2/IncT2X_10_summary.json
ILS_v2,2X,IncT2X_2,10,106776.062,109959.4436,2425.497369270852,113791.744,106776.062,106455.967,0.0,0.299781612099537,0.299781612099537,4,3189.018,experiments/GRASP/results_ils_v2/IncT2X_2_run04.json,True,True,False,True,True,3600.0,experiments/GRASP/results_ils_v2/IncT2X_2_summary.json
ILS_v2,2X,IncT2X_3,10,45168.086,48130.82030000001,1506.5010764251817,49796.458,45168.086,44988.661,0.0,0.397238439547788,0.397238439547788,9,2051.557,experiments/GRASP/results_ils_v2/IncT2X_3_run09.json,True,True,False,True,True,3600.0,experiments/GRASP/results_ils_v2/IncT2X_3_summary.json
ILS_v2,2X,IncT2X_4,10,133316.912,135572.94629999998,2282.8220244068275,140517.153,133316.912,132911.883,0.0,0.3038091671370317,0.3038091671370317,5,2233.682,experiments/GRASP/results_ils_v2/IncT2X_4_run05.json,True,True,False,True,True,3600.0,experiments/GRASP/results_ils_v2/IncT2X_4_summary.json
ILS_v2,2X,IncT2X_5,10,38391.644,41638.9287,4046.3178480121082,51260.256,38391.644,38391.069,0.0,0.0014977217438177162,0.0014977217438177162,4,3260.066,experiments/GRASP/results_ils_v2/IncT2X_5_run04.json,True,True,False,True,True,3600.0,experiments/GRASP/results_ils_v2/IncT2X_5_summary.json
ILS_v2,2X,IncT2X_6,10,71405.102,74496.7347,2331.688520859129,78941.952,71405.102,71354.141,0.0,0.07136884980571233,0.07136884980571233,6,3381.141,experiments/GRASP/results_ils_v2/IncT2X_6_run06.json,True,True,False,True,True,3600.0,experiments/GRASP/results_ils_v2/IncT2X_6_summary.json
ILS_v2,2X,IncT2X_7,10,13964.65,14744.448999999999,882.8348388381855,16693.413,13964.65,13887.95,0.0,0.5492439839165243,0.5492439839165243,1,3521.599,experiments/GRASP/results_ils_v2/IncT2X_7_run01.json,True,True,False,True,True,3600.0,experiments/GRASP/results_ils_v2/IncT2X_7_summary.json
ILS_v2,2X,IncT2X_8,10,170021.061,174903.1128,3262.936404413866,179712.419,170021.061,169602.936,0.0,0.24592541508725207,0.24592541508725207,9,2106.266,experiments/GRASP/results_ils_v2/IncT2X_8_run09.json,True,True,False,True,True,3600.0,experiments/GRASP/results_ils_v2/IncT2X_8_summary.json
ILS_v2,2X,IncT2X_9,10,19182.946,20566.6611,730.3149234871897,21826.442,19182.946,19099.846,0.0,0.4331972784576391,0.4331972784576391,2,2083.525,experiments/GRASP/results_ils_v2/IncT2X_9_run02.json,True,True,False,True,True,3600.0,experiments/GRASP/results_ils_v2/IncT2X_9_summary.json
ILS_v2,3X,IncT3x_1,10,46421.26,49102.6273,2968.119093188481,55525.366,46421.26,46301.96,0.0,0.25699431682811474,0.25699431682811474,7,3589.723,experiments/GRASP/results_ils_v2/IncT3x_1_run07.json,True,True,False,True,True,3600.0,experiments/GRASP/results_ils_v2/IncT3x_1_summary.json
ILS_v2,3X,IncT3x_10,10,13044.383,15476.142100000001,1344.3665578350312,17053.671,13044.383,12905.258,0.0,1.0665510204660504,1.0665510204660504,7,3269.335,experiments/GRASP/results_ils_v2/IncT3x_10_run07.json,True,True,False,True,True,3600.0,experiments/GRASP/results_ils_v2/IncT3x_10_summary.json
ILS_v2,3X,IncT3x_2,10,112927.942,121108.5019,5517.217774920988,131272.104,112927.942,112567.555,0.0,0.31913005197597816,0.31913005197597816,7,2940.458,experiments/GRASP/results_ils_v2/IncT3x_2_run07.json,True,True,False,True,True,3600.0,experiments/GRASP/results_ils_v2/IncT3x_2_summary.json
ILS_v2,3X,IncT3x_3,10,50505.825,54222.801,2304.5704448373417,56966.85,50505.825,49602.858,0.0,1.787847243362517,1.787847243362517,5,2816.859,experiments/GRASP/results_ils_v2/IncT3x_3_run05.json,True,True,False,True,True,3600.0,experiments/GRASP/results_ils_v2/IncT3x_3_summary.json
ILS_v2,3X,IncT3x_4,10,137723.912,141649.31730000002,2549.716524338601,145888.077,137723.912,137497.564,0.0,0.16434909284307733,0.16434909284307733,5,3557.573,experiments/GRASP/results_ils_v2/IncT3x_4_run05.json,True,True,False,True,True,3600.0,experiments/GRASP/results_ils_v2/IncT3x_4_summary.json
ILS_v2,3X,IncT3x_5,10,51987.339,56683.485700000005,3589.2340880097727,61783.737,51987.339,49299.99,0.0,5.169237456065989,5.169237456065989,10,2990.773,experiments/GRASP/results_ils_v2/IncT3x_5_run10.json,True,True,False,True,True,3600.0,experiments/GRASP/results_ils_v2/IncT3x_5_summary.json
ILS_v2,3X,IncT3x_6,10,79045.162,81635.0316,1913.0001315871016,85480.072,79045.162,78926.687,0.0,0.14988267087110438,0.14988267087110438,7,3154.326,experiments/GRASP/results_ils_v2/IncT3x_6_run07.json,True,True,False,True,True,3600.0,experiments/GRASP/results_ils_v2/IncT3x_6_summary.json
ILS_v2,3X,IncT3x_7,10,20633.358,22159.2003,977.8228827005943,23502.73,20633.358,20173.408,0.0,2.229157270474349,2.229157270474349,4,2534.864,experiments/GRASP/results_ils_v2/IncT3x_7_run04.json,True,True,False,True,True,3600.0,experiments/GRASP/results_ils_v2/IncT3x_7_summary.json
ILS_v2,3X,IncT3x_8,10,179293.164,183909.3642,3631.8006422411263,190667.827,179293.164,177380.418,0.0,1.0668259499285677,1.0668259499285677,2,1946.013,experiments/GRASP/results_ils_v2/IncT3x_8_run02.json,True,True,False,True,True,3600.0,experiments/GRASP/results_ils_v2/IncT3x_8_summary.json
ILS_v2,3X,IncT3x_9,10,25388.89,28399.9462,1741.252038710894,31435.975,25388.89,24600.295,0.0,3.106063321397671,3.106063321397671,9,3127.664,experiments/GRASP/results_ils_v2/IncT3x_9_run09.json,True,True,False,True,True,3600.0,experiments/GRASP/results_ils_v2/IncT3x_9_summary.json
ILS_v2,4X,IncT4x_1,10,54208.086,59407.920999999995,3219.9676641501637,64003.094,54208.086,53784.224,0.0,0.781916557614672,0.781916557614672,9,3047.52,experiments/GRASP/results_ils_v2/IncT4x_1_run09.json,True,True,False,True,True,3600.0,experiments/GRASP/results_ils_v2/IncT4x_1_summary.json
ILS_v2,4X,IncT4x_10,10,20157.417,22173.8136,1282.0456522598042,23785.217,20157.417,19699.562,0.0,2.2713971735565104,2.2713971735565104,6,2489.208,experiments/GRASP/results_ils_v2/IncT4x_10_run06.json,True,True,False,True,True,3600.0,experiments/GRASP/results_ils_v2/IncT4x_10_summary.json
ILS_v2,4X,IncT4x_2,10,117470.63,129035.5275,9920.482971073927,148925.922,117470.63,115947.61,0.0,1.2965113066985374,1.2965113066985374,3,2742.682,experiments/GRASP/results_ils_v2/IncT4x_2_run03.json,True,True,False,True,True,3600.0,experiments/GRASP/results_ils_v2/IncT4x_2_summary.json
ILS_v2,4X,IncT4x_3,10,58956.125,62950.652599999994,2328.435844054554,66961.718,58956.125,58187.639,0.0,1.3034879751679695,1.3034879751679695,9,2704.214,experiments/GRASP/results_ils_v2/IncT4x_3_run09.json,True,True,False,True,True,3600.0,experiments/GRASP/results_ils_v2/IncT4x_3_summary.json
ILS_v2,4X,IncT4x_4,10,144340.205,153041.602,7546.1020087620145,165147.692,143568.07,143323.188,0.5349410443195507,0.17056856723086988,0.7045971702755949,4,3149.48,experiments/GRASP/results_ils_v2/IncT4x_4_run04.json,True,True,False,True,True,3600.0,experiments/GRASP/results_ils_v2/IncT4x_4_summary.json
ILS_v2,4X,IncT4x_5,10,47752.589,59378.4968,8188.6328523800175,68740.179,47752.589,46983.093,0.0,1.6114225764806158,1.6114225764806158,5,245.772,experiments/GRASP/results_ils_v2/IncT4x_5_run05.json,True,True,False,True,True,3600.0,experiments/GRASP/results_ils_v2/IncT4x_5_summary.json
ILS_v2,4X,IncT4x_6,10,86939.556,92351.93999999997,4093.7531002186715,100774.548,86939.556,86776.806,0.0,0.1871990236527088,0.1871990236527088,7,2694.608,experiments/GRASP/results_ils_v2/IncT4x_6_run07.json,True,True,False,True,True,3600.0,experiments/GRASP/results_ils_v2/IncT4x_6_summary.json
ILS_v2,4X,IncT4x_7,10,26629.952,32055.413900000003,3594.8986416515418,36824.725,26566.027,25967.717,0.24004924980714537,2.2521621317331255,2.486805083238605,8,2471.327,experiments/GRASP/results_ils_v2/IncT4x_7_run08.json,False,False,False,True,True,3600.0,experiments/GRASP/results_ils_v2/IncT4x_7_summary.json
ILS_v2,4X,IncT4x_8,10,182781.1,191040.3355,6100.396642815507,201628.234,182781.1,181977.871,0.0,0.4394486081985457,0.4394486081985457,10,3589.184,experiments/GRASP/results_ils_v2/IncT4x_8_run10.json,True,True,False,True,True,3600.0,experiments/GRASP/results_ils_v2/IncT4x_8_summary.json
ILS_v2,4X,IncT4x_9,10,29805.886,35367.8635,4358.115491306491,43786.319,29805.886,29515.394,0.0,0.9746128667337666,0.9746128667337666,4,1910.077,experiments/GRASP/results_ils_v2/IncT4x_9_run04.json,True,True,False,True,True,3600.0,experiments/GRASP/results_ils_v2/IncT4x_9_summary.json
ILS_v2,5X,IncT5x_1,10,61805.155,68194.5898,4369.539200417329,76499.934,60934.004,60854.829,1.409511876476967,0.12993565957031628,1.537616077493861,1,3293.599,experiments/GRASP/results_ils_v2/IncT5x_1_run01.json,True,True,False,True,True,3600.0,experiments/GRASP/results_ils_v2/IncT5x_1_summary.json
ILS_v2,5X,IncT5x_10,10,25641.154,28503.1906,1914.4749736004621,31187.936,25271.66,24678.883,1.4410193862569478,2.345619559617367,3.7528381132923934,8,3297.433,experiments/GRASP/results_ils_v2/IncT5x_10_run08.json,True,True,False,True,True,3600.0,experiments/GRASP/results_ils_v2/IncT5x_10_summary.json
ILS_v2,5X,IncT5x_2,10,128756.484,142231.4018,7827.242458016248,152022.265,127719.441,125456.956,0.8054297288826173,1.7714491875986214,2.5626111380922696,10,3512.629,experiments/GRASP/results_ils_v2/IncT5x_2_run10.json,False,False,False,True,True,3600.0,experiments/GRASP/results_ils_v2/IncT5x_2_summary.json
ILS_v2,5X,IncT5x_3,10,64510.463,69111.4944,2625.4442931058875,73911.899,64510.463,64032.779,0.0,0.7404752311264625,0.7404752311264625,1,987.843,experiments/GRASP/results_ils_v2/IncT5x_3_run01.json,True,True,False,True,True,3600.0,experiments/GRASP/results_ils_v2/IncT5x_3_summary.json
ILS_v2,5X,IncT5x_4,10,153061.727,163196.262,8297.199620654828,174735.918,153061.727,151274.675,0.0,1.1675368068988434,1.1675368068988434,4,3491.401,experiments/GRASP/results_ils_v2/IncT5x_4_run04.json,True,True,False,True,True,3600.0,experiments/GRASP/results_ils_v2/IncT5x_4_summary.json
ILS_v2,5X,IncT5x_5,10,65042.57,73241.5987,4792.3675128077475,79027.113,65042.57,65031.97,0.0,0.016297019013852842,0.016297019013852842,1,3535.578,experiments/GRASP/results_ils_v2/IncT5x_5_run01.json,True,True,False,True,True,3600.0,experiments/GRASP/results_ils_v2/IncT5x_5_summary.json
ILS_v2,5X,IncT5x_6,10,94932.155,100758.96079999999,4707.3735843287795,111211.555,94932.155,94255.685,0.0,0.7125825806861765,0.7125825806861765,2,1384.312,experiments/GRASP/results_ils_v2/IncT5x_6_run02.json,True,True,False,True,True,3600.0,experiments/GRASP/results_ils_v2/IncT5x_6_summary.json
ILS_v2,5X,IncT5x_7,10,32890.491,39289.4205,5395.907349404758,47654.487,32890.491,32669.616,0.0,0.6715466789474197,0.6715466789474197,6,243.643,experiments/GRASP/results_ils_v2/IncT5x_7_run06.json,True,True,False,True,True,3600.0,experiments/GRASP/results_ils_v2/IncT5x_7_summary.json
ILS_v2,5X,IncT5x_8,10,192509.469,208502.4555,14280.244409343846,232845.395,192509.469,191392.854,0.0,0.5800312087505782,0.5800312087505782,2,1561.63,experiments/GRASP/results_ils_v2/IncT5x_8_run02.json,True,True,False,True,True,3600.0,experiments/GRASP/results_ils_v2/IncT5x_8_summary.json
ILS_v2,5X,IncT5x_9,10,38785.716,41363.7561,2595.267382539587,46318.834,38785.716,36024.753,0.0,7.118504657745659,7.118504657745659,5,3365.376,experiments/GRASP/results_ils_v2/IncT5x_9_run05.json,True,True,False,True,True,3600.0,experiments/GRASP/results_ils_v2/IncT5x_9_summary.json
ILS_v2,Real,Ale_1,10,86324.908,88602.8517,1899.1289260058168,91044.287,86324.908,86308.908,0.0,0.018534627340697545,0.018534627340697545,4,2693.131,experiments/GRASP/results_ils_v2/Ale_1_run04.json,True,True,False,True,True,3600.0,experiments/GRASP/results_ils_v2/Ale_1_summary.json
ILS_v2,Real order book,REAL_1,10,11474.25,11487.994999999999,7.912558583248475,11493.95,11474.25,11442.625,0.0,0.2756171427326405,0.2756171427326405,3,724.887,experiments/matheuristics/results_production/real/REAL_1_run03.json,True,True,False,True,True,3600.0,experiments/matheuristics/results_production/real/REAL_1_summary.json
ILS_v2,S,S_1,10,37093.036,37741.531,396.71789124795265,38368.118,37093.036,37064.611,0.0,0.07663163511340218,0.07663163511340218,6,1070.568,experiments/matheuristics/results_production/s1/S_1_run06.json,True,True,False,True,True,3600.0,experiments/matheuristics/results_production/s1/S_1_summary.json
ILS_v2,S,S_10,10,6063.274,6411.3444,271.75559539908477,6909.415,6063.274,5658.468,0.0,6.6763599995646,6.6763599995646,9,804.276,experiments/GRASP/results_ils_v2/Ale_10_run09.json,True,True,False,True,True,3600.0,experiments/GRASP/results_ils_v2/Ale_10_summary.json
ILS_v2,S,S_2,10,100009.609,101112.4841,686.397881949665,101993.548,100009.609,99968.134,0.0,0.0414710150501551,0.0414710150501551,10,726.603,experiments/GRASP/results_ils_v2/Ale_2_run10.json,True,True,False,True,True,3600.0,experiments/GRASP/results_ils_v2/Ale_2_summary.json
ILS_v2,S,S_3,10,40763.571,42439.563700000006,1265.3522450725868,44535.798,40763.571,40735.321,0.0,0.06930207365787457,0.06930207365787457,7,766.292,experiments/GRASP/results_ils_v2/Ale_3_run07.json,True,True,False,True,True,3600.0,experiments/GRASP/results_ils_v2/Ale_3_summary.json
ILS_v2,S,S_4,10,127839.076,129024.26969999999,1219.8791207967229,131118.561,127839.076,127777.551,0.0,0.048126912306526826,0.048126912306526826,4,778.061,experiments/GRASP/results_ils_v2/Ale_4_run04.json,True,True,False,True,True,3600.0,experiments/GRASP/results_ils_v2/Ale_4_summary.json
ILS_v2,S,S_5,10,35426.141,35454.8027,83.00795003431713,35690.183,35426.141,35426.141,0.0,0.0,0.0,4,744.47,experiments/GRASP/results_ils_v2/Ale_5_run04.json,True,True,False,True,True,3600.0,experiments/GRASP/results_ils_v2/Ale_5_summary.json
ILS_v2,S,S_6,10,67288.871,68627.077,810.4464879129548,69587.024,67288.871,67131.923,0.0,0.2332451082438342,0.2332451082438342,9,769.599,experiments/GRASP/results_ils_v2/Ale_6_run09.json,True,True,False,True,True,3600.0,experiments/GRASP/results_ils_v2/Ale_6_summary.json
ILS_v2,S,S_7,10,10578.918,10578.918000000001,1.9173831849720224e-12,10578.918,10578.918,10578.918,0.0,0.0,0.0,3,795.365,experiments/GRASP/results_ils_v2/Ale_7_run03.json,True,True,False,True,True,3600.0,experiments/GRASP/results_ils_v2/Ale_7_summary.json
ILS_v2,S,S_8,10,161498.634,162800.02,954.372744919699,164488.865,161498.634,161396.634,0.0,0.06315842894373955,0.06315842894373955,8,1166.371,experiments/GRASP/results_ils_v2/Ale_8_run08.json,True,True,False,True,True,3600.0,experiments/GRASP/results_ils_v2/Ale_8_summary.json
ILS_v2,S,S_9,10,15863.543,16028.8549,156.837621620756,16388.529,15863.543,15786.292,0.0,0.48697192045938414,0.48697192045938414,1,1841.345,experiments/GRASP/results_ils_v2/Ale_9_run01.json,True,True,False,True,True,3600.0,experiments/GRASP/results_ils_v2/Ale_9_summary.json
