method,dataset,instance,run_id,seed,Z_at_cutoff,selected_time_s,selected_tag,final_objective,time_to_best_s,total_time_s,overrun_s,source_run_hard_stop_compliant,value_found_within_budget,comparison_eligible,T_json,J_json,I_json,iterations,source_path,paper_note
ILS_v2,S,S_10,1,1,7598.902,560.469,GRASP_warmup,6373.493,784.217,3600.775,3000.775,False,True,True,19,160,50,2258,experiments/GRASP/results_ils_v2/Ale_10_run01.json,
ILS_v2,S,S_10,2,2,7124.907,21.028,GRASP_warmup,6201.172,1920.258,3601.945,3001.945,False,True,True,19,160,50,2219,experiments/GRASP/results_ils_v2/Ale_10_run02.json,
ILS_v2,S,S_10,3,3,6957.354,23.986,GRASP_warmup,6303.447,722.564,3600.686,3000.686,False,True,True,19,160,50,2192,experiments/GRASP/results_ils_v2/Ale_10_run03.json,
ILS_v2,S,S_10,4,4,6983.945,161.631,GRASP_warmup,6651.595,724.957,3600.025,3000.025,False,True,True,19,160,50,2160,experiments/GRASP/results_ils_v2/Ale_10_run04.json,
ILS_v2,S,S_10,5,5,8293.86,480.649,GRASP_warmup,6251.242,1248.097,3601.343,3001.343,False,True,True,19,160,50,2209,experiments/GRASP/results_ils_v2/Ale_10_run05.json,
ILS_v2,S,S_10,6,6,6666.268,488.416,GRASP_warmup,6372.543,723.647,3601.793,3001.793,False,True,True,19,160,50,2305,experiments/GRASP/results_ils_v2/Ale_10_run06.json,
ILS_v2,S,S_10,7,7,7382.152,358.125,GRASP_warmup,6758.003,3144.183,3600.859,3000.859,False,True,True,19,160,50,2191,experiments/GRASP/results_ils_v2/Ale_10_run07.json,
ILS_v2,S,S_10,8,8,6915.69,311.447,GRASP_warmup,6909.415,721.163,3601.049,3001.049,False,True,True,19,160,50,2183,experiments/GRASP/results_ils_v2/Ale_10_run08.json,
ILS_v2,S,S_10,9,9,6819.309,266.752,GRASP_warmup,6063.274,804.276,3600.336,3000.336,False,True,True,19,160,50,2208,experiments/GRASP/results_ils_v2/Ale_10_run09.json,
ILS_v2,S,S_10,10,10,6957.368,104.123,GRASP_warmup,6229.26,956.751,3600.474,3000.474,False,True,True,19,160,50,2255,experiments/GRASP/results_ils_v2/Ale_10_run10.json,
ILS_v2,Real,Ale_1,1,1,92192.986,502.547,GRASP_warmup,90244.983,2706.753,3602.993,3002.993,False,True,True,25,161,50,1120,experiments/GRASP/results_ils_v2/Ale_1_run01.json,Legacy Ale_1 is retained for provenance outside the benchmark.
ILS_v2,Real,Ale_1,2,2,90758.121,324.28,GRASP_warmup,88054.386,818.5,3600.58,3000.58,False,True,True,25,161,50,1130,experiments/GRASP/results_ils_v2/Ale_1_run02.json,Legacy Ale_1 is retained for provenance outside the benchmark.
ILS_v2,Real,Ale_1,3,3,92240.768,185.995,GRASP_warmup,87509.733,1510.295,3600.071,3000.071,False,True,True,25,161,50,1132,experiments/GRASP/results_ils_v2/Ale_1_run03.json,Legacy Ale_1 is retained for provenance outside the benchmark.
ILS_v2,Real,Ale_1,4,4,89327.058,366.691,GRASP_warmup,86324.908,2693.131,3601.135,3001.135,False,True,True,25,161,50,1102,experiments/GRASP/results_ils_v2/Ale_1_run04.json,Legacy Ale_1 is retained for provenance outside the benchmark.
ILS_v2,Real,Ale_1,5,5,92950.923,40.288,GRASP_warmup,86418.508,1336.97,3602.504,3002.504,False,True,True,25,161,50,1109,experiments/GRASP/results_ils_v2/Ale_1_run05.json,Legacy Ale_1 is retained for provenance outside the benchmark.
ILS_v2,Real,Ale_1,6,6,93351.453,234.43,GRASP_warmup,87333.133,3364.324,3601.21,3001.21,False,True,True,25,161,50,1152,experiments/GRASP/results_ils_v2/Ale_1_run06.json,Legacy Ale_1 is retained for provenance outside the benchmark.
ILS_v2,Real,Ale_1,7,7,96776.883,27.018,GRASP_warmup,90601.108,981.294,3600.382,3000.382,False,True,True,25,161,50,1113,experiments/GRASP/results_ils_v2/Ale_1_run07.json,Legacy Ale_1 is retained for provenance outside the benchmark.
ILS_v2,Real,Ale_1,8,8,94714.547,553.421,GRASP_warmup,87530.108,2926.338,3602.846,3002.846,False,True,True,25,161,50,1115,experiments/GRASP/results_ils_v2/Ale_1_run08.json,Legacy Ale_1 is retained for provenance outside the benchmark.
ILS_v2,Real,Ale_1,9,9,92737.563,427.458,GRASP_warmup,90967.363,1107.232,3601.443,3001.443,False,True,True,25,161,50,1155,experiments/GRASP/results_ils_v2/Ale_1_run09.json,Legacy Ale_1 is retained for provenance outside the benchmark.
ILS_v2,Real,Ale_1,10,10,95818.943,55.694,GRASP_warmup,91044.287,778.987,3600.455,3000.455,False,True,True,25,161,50,1148,experiments/GRASP/results_ils_v2/Ale_1_run10.json,Legacy Ale_1 is retained for provenance outside the benchmark.
ILS_v2,S,S_2,1,1,101562.896,178.287,GRASP_warmup,101562.896,178.287,3600.235,3000.235,False,True,True,19,160,50,2568,experiments/GRASP/results_ils_v2/Ale_2_run01.json,
ILS_v2,S,S_2,2,2,101661.864,1.1,GRASP_warmup,100900.835,723.743,3601.124,3001.124,False,True,True,19,160,50,2542,experiments/GRASP/results_ils_v2/Ale_2_run02.json,
ILS_v2,S,S_2,3,3,101384.53,21.629,GRASP_warmup,100933.53,739.509,3600.145,3000.145,False,True,True,19,160,50,2594,experiments/GRASP/results_ils_v2/Ale_2_run03.json,
ILS_v2,S,S_2,4,4,100835.185,18.265,GRASP_warmup,100835.185,18.265,3600.559,3000.559,False,True,True,19,160,50,2621,experiments/GRASP/results_ils_v2/Ale_2_run04.json,
ILS_v2,S,S_2,5,5,103547.277,280.266,GRASP_warmup,101562.896,729.209,3601.542,3001.542,False,True,True,19,160,50,2591,experiments/GRASP/results_ils_v2/Ale_2_run05.json,
ILS_v2,S,S_2,6,6,100051.409,86.892,GRASP_warmup,100051.409,86.892,3600.398,3000.398,False,True,True,19,160,50,2603,experiments/GRASP/results_ils_v2/Ale_2_run06.json,
ILS_v2,S,S_2,7,7,101792.281,265.191,GRASP_warmup,101712.037,773.763,3600.436,3000.436,False,True,True,19,160,50,2552,experiments/GRASP/results_ils_v2/Ale_2_run07.json,
ILS_v2,S,S_2,8,8,102907.496,315.698,GRASP_warmup,101562.896,722.409,3600.575,3000.575,False,True,True,19,160,50,2595,experiments/GRASP/results_ils_v2/Ale_2_run08.json,
ILS_v2,S,S_2,9,9,102435.75,161.397,GRASP_warmup,101993.548,881.116,3600.546,3000.546,False,True,True,19,160,50,2613,experiments/GRASP/results_ils_v2/Ale_2_run09.json,
ILS_v2,S,S_2,10,10,102201.771,148.09,GRASP_warmup,100009.609,726.603,3600.56,3000.56,False,True,True,19,160,50,2602,experiments/GRASP/results_ils_v2/Ale_2_run10.json,
ILS_v2,S,S_3,1,1,43494.142,338.583,GRASP_warmup,42682.859,1410.185,3602.483,3002.483,False,True,True,19,160,50,2576,experiments/GRASP/results_ils_v2/Ale_3_run01.json,
ILS_v2,S,S_3,2,2,44466.476,495.872,GRASP_warmup,41527.787,3009.262,3600.722,3000.722,False,True,True,19,160,50,2590,experiments/GRASP/results_ils_v2/Ale_3_run02.json,
ILS_v2,S,S_3,3,3,43270.83,479.285,GRASP_warmup,42948.656,757.445,3601.586,3001.586,False,True,True,19,160,50,2622,experiments/GRASP/results_ils_v2/Ale_3_run03.json,
ILS_v2,S,S_3,4,4,43067.93,490.342,GRASP_warmup,41566.839,991.001,3600.122,3000.122,False,True,True,19,160,50,2597,experiments/GRASP/results_ils_v2/Ale_3_run04.json,
ILS_v2,S,S_3,5,5,43002.983,71.117,GRASP_warmup,41735.839,3043.545,3600.113,3000.113,False,True,True,19,160,50,2580,experiments/GRASP/results_ils_v2/Ale_3_run05.json,
ILS_v2,S,S_3,6,6,44535.798,17.953,GRASP_warmup,44535.798,17.953,3600.256,3000.256,False,True,True,19,160,50,2393,experiments/GRASP/results_ils_v2/Ale_3_run06.json,
ILS_v2,S,S_3,7,7,42718.013,44.642,GRASP_warmup,40763.571,766.292,3600.379,3000.379,False,True,True,19,160,50,2446,experiments/GRASP/results_ils_v2/Ale_3_run07.json,
ILS_v2,S,S_3,8,8,43687.221,13.681,GRASP_warmup,41824.056,1738.807,3601.792,3001.792,False,True,True,19,160,50,2599,experiments/GRASP/results_ils_v2/Ale_3_run08.json,
ILS_v2,S,S_3,9,9,43608.786,310.303,GRASP_warmup,42274.434,1829.543,3602.119,3002.119,False,True,True,19,160,50,2563,experiments/GRASP/results_ils_v2/Ale_3_run09.json,
ILS_v2,S,S_3,10,10,44535.798,184.598,GRASP_warmup,44535.798,184.598,3600.843,3000.843,False,True,True,19,160,50,2434,experiments/GRASP/results_ils_v2/Ale_3_run10.json,
ILS_v2,S,S_4,1,1,128874.463,168.733,GRASP_warmup,128136.335,732.929,3600.068,3000.068,False,True,True,19,160,50,2323,experiments/GRASP/results_ils_v2/Ale_4_run01.json,
ILS_v2,S,S_4,2,2,132765.963,387.933,GRASP_warmup,131087.135,824.738,3601.452,3001.452,False,True,True,19,160,50,2285,experiments/GRASP/results_ils_v2/Ale_4_run02.json,
ILS_v2,S,S_4,3,3,129518.742,182.848,GRASP_warmup,129500.067,723.025,3601.07,3001.07,False,True,True,19,160,50,2245,experiments/GRASP/results_ils_v2/Ale_4_run03.json,
ILS_v2,S,S_4,4,4,128406.913,122.276,GRASP_warmup,127839.076,778.061,3600.079,3000.079,False,True,True,19,160,50,2379,experiments/GRASP/results_ils_v2/Ale_4_run04.json,
ILS_v2,S,S_4,5,5,128299.397,19.207,GRASP_warmup,128211.985,745.969,3601.33,3001.33,False,True,True,19,160,50,2278,experiments/GRASP/results_ils_v2/Ale_4_run05.json,
ILS_v2,S,S_4,6,6,128586.469,4.826,GRASP_warmup,128586.469,4.826,3602.23,3002.23,False,True,True,19,160,50,2255,experiments/GRASP/results_ils_v2/Ale_4_run06.json,
ILS_v2,S,S_4,7,7,128594.171,113.146,GRASP_warmup,128431.694,764.457,3601.866,3001.866,False,True,True,19,160,50,2214,experiments/GRASP/results_ils_v2/Ale_4_run07.json,
ILS_v2,S,S_4,8,8,129532.453,548.257,GRASP_warmup,128005.31,740.76,3602.088,3002.088,False,True,True,19,160,50,2194,experiments/GRASP/results_ils_v2/Ale_4_run08.json,
ILS_v2,S,S_4,9,9,131246.94,220.612,GRASP_warmup,131118.561,734.975,3600.846,3000.846,False,True,True,19,160,50,2232,experiments/GRASP/results_ils_v2/Ale_4_run09.json,
ILS_v2,S,S_4,10,10,130081.51,7.257,GRASP_warmup,129326.065,874.227,3600.542,3000.542,False,True,True,19,160,50,2244,experiments/GRASP/results_ils_v2/Ale_4_run10.json,
ILS_v2,S,S_5,1,1,36426.213,3.454,GRASP_warmup,35690.183,633.476,3600.122,3000.122,False,True,True,19,160,50,2158,experiments/GRASP/results_ils_v2/Ale_5_run01.json,
ILS_v2,S,S_5,2,2,37164.48,407.842,GRASP_warmup,35426.141,757.063,3600.007,3000.007,False,True,True,19,160,50,2178,experiments/GRASP/results_ils_v2/Ale_5_run02.json,
ILS_v2,S,S_5,3,3,37164.48,205.327,GRASP_warmup,35426.141,750.459,3600.398,3000.398,False,True,True,19,160,50,2075,experiments/GRASP/results_ils_v2/Ale_5_run03.json,
ILS_v2,S,S_5,4,4,37164.48,481.557,GRASP_warmup,35426.141,744.47,3603.403,3003.403,False,True,True,19,160,50,2179,experiments/GRASP/results_ils_v2/Ale_5_run04.json,
ILS_v2,S,S_5,5,5,36374.363,64.442,GRASP_warmup,35448.716,970.135,3602.175,3002.175,False,True,True,19,160,50,2146,experiments/GRASP/results_ils_v2/Ale_5_run05.json,
ILS_v2,S,S_5,6,6,37164.48,591.95,GRASP_warmup,35426.141,891.06,3600.582,3000.582,False,True,True,19,160,50,2130,experiments/GRASP/results_ils_v2/Ale_5_run06.json,
ILS_v2,S,S_5,7,7,37164.48,64.428,GRASP_warmup,35426.141,863.314,3600.258,3000.258,False,True,True,19,160,50,2143,experiments/GRASP/results_ils_v2/Ale_5_run07.json,
ILS_v2,S,S_5,8,8,37164.48,412.727,GRASP_warmup,35426.141,782.613,3600.965,3000.965,False,True,True,19,160,50,2203,experiments/GRASP/results_ils_v2/Ale_5_run08.json,
ILS_v2,S,S_5,9,9,37164.48,221.404,GRASP_warmup,35426.141,758.221,3600.528,3000.528,False,True,True,19,160,50,2130,experiments/GRASP/results_ils_v2/Ale_5_run09.json,
ILS_v2,S,S_5,10,10,37164.48,41.041,GRASP_warmup,35426.141,774.913,3602.082,3002.082,False,True,True,19,160,50,2148,experiments/GRASP/results_ils_v2/Ale_5_run10.json,
ILS_v2,S,S_6,1,1,69430.664,191.528,GRASP_warmup,67744.346,757.408,3600.189,3000.189,False,True,True,19,160,50,2012,experiments/GRASP/results_ils_v2/Ale_6_run01.json,
ILS_v2,S,S_6,2,2,68603.267,575.214,GRASP_warmup,68309.642,2720.922,3600.36,3000.36,False,True,True,19,160,50,2063,experiments/GRASP/results_ils_v2/Ale_6_run02.json,
ILS_v2,S,S_6,3,3,71009.517,494.0,GRASP_warmup,69457.709,723.34,3600.444,3000.444,False,True,True,19,160,50,2051,experiments/GRASP/results_ils_v2/Ale_6_run03.json,
ILS_v2,S,S_6,4,4,69610.124,108.954,GRASP_warmup,69587.024,3044.019,3600.003,3000.003,False,True,True,19,160,50,2061,experiments/GRASP/results_ils_v2/Ale_6_run04.json,
ILS_v2,S,S_6,5,5,69651.109,455.791,GRASP_warmup,69322.014,2356.805,3600.575,3000.575,False,True,True,19,160,50,2093,experiments/GRASP/results_ils_v2/Ale_6_run05.json,
ILS_v2,S,S_6,6,6,70434.004,70.369,GRASP_warmup,68089.081,1365.061,3601.178,3001.178,False,True,True,19,160,50,2082,experiments/GRASP/results_ils_v2/Ale_6_run06.json,
ILS_v2,S,S_6,7,7,69497.144,458.112,GRASP_warmup,68946.952,736.425,3600.132,3000.132,False,True,True,19,160,50,2035,experiments/GRASP/results_ils_v2/Ale_6_run07.json,
ILS_v2,S,S_6,8,8,69823.711,150.782,GRASP_warmup,69361.639,3406.243,3601.299,3001.299,False,True,True,19,160,50,2070,experiments/GRASP/results_ils_v2/Ale_6_run08.json,
ILS_v2,S,S_6,9,9,69896.988,292.74,GRASP_warmup,67288.871,769.599,3602.637,3002.637,False,True,True,19,160,50,2077,experiments/GRASP/results_ils_v2/Ale_6_run09.json,
ILS_v2,S,S_6,10,10,68207.592,278.773,GRASP_warmup,68163.492,745.772,3600.312,3000.312,False,True,True,19,160,50,2121,experiments/GRASP/results_ils_v2/Ale_6_run10.json,
ILS_v2,S,S_7,1,1,10596.618,362.186,GRASP_warmup,10578.918,1043.191,3601.422,3001.422,False,True,True,19,160,50,2090,experiments/GRASP/results_ils_v2/Ale_7_run01.json,
ILS_v2,S,S_7,2,2,10596.618,282.232,GRASP_warmup,10578.918,1104.608,3601.023,3001.023,False,True,True,19,160,50,2075,experiments/GRASP/results_ils_v2/Ale_7_run02.json,
ILS_v2,S,S_7,3,3,10596.618,202.255,GRASP_warmup,10578.918,795.365,3600.319,3000.319,False,True,True,19,160,50,2090,experiments/GRASP/results_ils_v2/Ale_7_run03.json,
ILS_v2,S,S_7,4,4,11577.088,188.765,GRASP_warmup,10578.918,2099.798,3600.232,3000.232,False,True,True,19,160,50,2157,experiments/GRASP/results_ils_v2/Ale_7_run04.json,
ILS_v2,S,S_7,5,5,10596.618,527.603,GRASP_warmup,10578.918,1620.998,3600.753,3000.753,False,True,True,19,160,50,2113,experiments/GRASP/results_ils_v2/Ale_7_run05.json,
ILS_v2,S,S_7,6,6,10596.618,520.361,GRASP_warmup,10578.918,845.933,3601.044,3001.044,False,True,True,19,160,50,2073,experiments/GRASP/results_ils_v2/Ale_7_run06.json,
ILS_v2,S,S_7,7,7,10638.218,190.791,GRASP_warmup,10578.918,2789.689,3601.329,3001.329,False,True,True,19,160,50,2149,experiments/GRASP/results_ils_v2/Ale_7_run07.json,
ILS_v2,S,S_7,8,8,10596.618,285.587,GRASP_warmup,10578.918,829.014,3600.993,3000.993,False,True,True,19,160,50,2051,experiments/GRASP/results_ils_v2/Ale_7_run08.json,
ILS_v2,S,S_7,9,9,10596.618,255.013,GRASP_warmup,10578.918,798.25,3600.477,3000.477,False,True,True,19,160,50,2050,experiments/GRASP/results_ils_v2/Ale_7_run09.json,
ILS_v2,S,S_7,10,10,10596.618,409.825,GRASP_warmup,10578.918,1047.936,3600.747,3000.747,False,True,True,19,160,50,2076,experiments/GRASP/results_ils_v2/Ale_7_run10.json,
ILS_v2,S,S_8,1,1,163933.693,467.476,GRASP_warmup,162884.172,726.971,3600.517,3000.517,False,True,True,19,160,50,2333,experiments/GRASP/results_ils_v2/Ale_8_run01.json,
ILS_v2,S,S_8,2,2,163557.663,100.204,GRASP_warmup,161993.126,740.127,3600.567,3000.567,False,True,True,19,160,50,2358,experiments/GRASP/results_ils_v2/Ale_8_run02.json,
ILS_v2,S,S_8,3,3,163977.249,309.031,GRASP_warmup,162954.172,733.739,3600.671,3000.671,False,True,True,19,160,50,2346,experiments/GRASP/results_ils_v2/Ale_8_run03.json,
ILS_v2,S,S_8,4,4,162991.872,308.1,GRASP_warmup,162982.247,730.366,3600.414,3000.414,False,True,True,19,160,50,2367,experiments/GRASP/results_ils_v2/Ale_8_run04.json,
ILS_v2,S,S_8,5,5,164488.865,177.173,GRASP_warmup,164488.865,177.173,3601.2,3001.2,False,True,True,19,160,50,2344,experiments/GRASP/results_ils_v2/Ale_8_run05.json,
ILS_v2,S,S_8,6,6,164103.759,20.447,GRASP_warmup,162011.526,1086.084,3601.52,3001.52,False,True,True,19,160,50,2394,experiments/GRASP/results_ils_v2/Ale_8_run06.json,
ILS_v2,S,S_8,7,7,162848.018,501.021,GRASP_warmup,161892.376,722.755,3600.535,3000.535,False,True,True,19,160,50,2316,experiments/GRASP/results_ils_v2/Ale_8_run07.json,
ILS_v2,S,S_8,8,8,162758.314,255.217,GRASP_warmup,161498.634,1166.371,3600.752,3000.752,False,True,True,19,160,50,2350,experiments/GRASP/results_ils_v2/Ale_8_run08.json,
ILS_v2,S,S_8,9,9,165062.974,15.151,GRASP_warmup,163482.632,2395.067,3600.1,3000.1,False,True,True,19,160,50,2333,experiments/GRASP/results_ils_v2/Ale_8_run09.json,
ILS_v2,S,S_8,10,10,164392.563,562.539,GRASP_warmup,163812.45,930.558,3600.452,3000.452,False,True,True,19,160,50,2358,experiments/GRASP/results_ils_v2/Ale_8_run10.json,
ILS_v2,S,S_9,1,1,16564.225,384.217,GRASP_warmup,15863.543,1841.345,3600.03,3000.03,False,True,True,19,160,50,2161,experiments/GRASP/results_ils_v2/Ale_9_run01.json,
ILS_v2,S,S_9,2,2,16807.539,231.543,GRASP_warmup,16043.723,1603.763,3600.095,3000.095,False,True,True,19,160,50,2164,experiments/GRASP/results_ils_v2/Ale_9_run02.json,
ILS_v2,S,S_9,3,3,16645.898,125.94,GRASP_warmup,15888.072,721.919,3600.42,3000.42,False,True,True,19,160,50,2120,experiments/GRASP/results_ils_v2/Ale_9_run03.json,
ILS_v2,S,S_9,4,4,16860.2,4.862,GRASP_warmup,16077.247,724.289,3601.192,3001.192,False,True,True,19,160,50,2175,experiments/GRASP/results_ils_v2/Ale_9_run04.json,
ILS_v2,S,S_9,5,5,17271.129,92.66,GRASP_warmup,16388.529,2170.992,3600.804,3000.804,False,True,True,19,160,50,2114,experiments/GRASP/results_ils_v2/Ale_9_run05.json,
ILS_v2,S,S_9,6,6,16629.629,363.367,GRASP_warmup,15881.834,3127.273,3600.89,3000.89,False,True,True,19,160,50,2139,experiments/GRASP/results_ils_v2/Ale_9_run06.json,
ILS_v2,S,S_9,7,7,16056.147,18.899,GRASP_warmup,16056.147,18.899,3600.523,3000.523,False,True,True,19,160,50,2142,experiments/GRASP/results_ils_v2/Ale_9_run07.json,
ILS_v2,S,S_9,8,8,15980.098,76.654,GRASP_warmup,15946.148,735.432,3600.714,3000.714,False,True,True,19,160,50,2169,experiments/GRASP/results_ils_v2/Ale_9_run08.json,
ILS_v2,S,S_9,9,9,17764.371,565.547,GRASP_warmup,16002.942,1984.113,3600.924,3000.924,False,True,True,19,160,50,2213,experiments/GRASP/results_ils_v2/Ale_9_run09.json,
ILS_v2,S,S_9,10,10,16166.364,332.264,GRASP_warmup,16140.364,723.706,3600.816,3000.816,False,True,True,19,160,50,2117,experiments/GRASP/results_ils_v2/Ale_9_run10.json,
ILS_v2,2X,IncT2X_10,1,1,13252.546,58.371,GRASP_warmup,11240.278,2907.563,3605.256,3005.256,False,True,True,38,160,50,292,experiments/GRASP/results_ils_v2/IncT2X_10_run01.json,
ILS_v2,2X,IncT2X_10,2,2,12764.828,413.986,GRASP_warmup,10443.157,3573.541,3604.296,3004.296,False,True,True,38,160,50,291,experiments/GRASP/results_ils_v2/IncT2X_10_run02.json,
ILS_v2,2X,IncT2X_10,3,3,12240.501,571.163,GRASP_warmup,10038.565,3274.55,3600.547,3000.547,False,True,True,38,160,50,307,experiments/GRASP/results_ils_v2/IncT2X_10_run03.json,
ILS_v2,2X,IncT2X_10,4,4,13035.504,61.265,GRASP_warmup,9772.03,3441.649,3605.929,3005.929,False,True,True,38,160,50,295,experiments/GRASP/results_ils_v2/IncT2X_10_run04.json,
ILS_v2,2X,IncT2X_10,5,5,12970.345,321.675,GRASP_warmup,8862.78,3337.298,3602.028,3002.028,False,True,True,38,160,50,293,experiments/GRASP/results_ils_v2/IncT2X_10_run05.json,
ILS_v2,2X,IncT2X_10,6,6,13348.745,5.816,GRASP_warmup,9564.205,3257.612,3601.284,3001.284,False,True,True,38,160,50,287,experiments/GRASP/results_ils_v2/IncT2X_10_run06.json,
ILS_v2,2X,IncT2X_10,7,7,12504.809,258.443,GRASP_warmup,10960.784,3398.846,3603.579,3003.579,False,True,True,38,160,50,306,experiments/GRASP/results_ils_v2/IncT2X_10_run07.json,
ILS_v2,2X,IncT2X_10,8,8,12278.381,50.671,GRASP_warmup,10509.304,3228.956,3608.452,3008.452,False,True,True,38,160,50,304,experiments/GRASP/results_ils_v2/IncT2X_10_run08.json,
ILS_v2,2X,IncT2X_10,9,9,12595.782,487.651,GRASP_warmup,10526.569,3438.517,3605.076,3005.076,False,True,True,38,160,50,301,experiments/GRASP/results_ils_v2/IncT2X_10_run09.json,
ILS_v2,2X,IncT2X_10,10,10,11568.743,497.035,GRASP_warmup,10120.79,3380.717,3602.05,3002.05,False,True,True,38,160,50,298,experiments/GRASP/results_ils_v2/IncT2X_10_run10.json,
ILS_v2,2X,IncT2X_1,1,1,44905.309,221.854,GRASP_warmup,42278.155,3055.493,3606.708,3006.708,False,True,True,38,160,50,319,experiments/GRASP/results_ils_v2/IncT2X_1_run01.json,
ILS_v2,2X,IncT2X_1,2,2,43176.912,225.195,GRASP_warmup,42520.324,3496.571,3601.514,3001.514,False,True,True,38,160,50,293,experiments/GRASP/results_ils_v2/IncT2X_1_run02.json,
ILS_v2,2X,IncT2X_1,3,3,50225.354,140.781,GRASP_warmup,44079.813,3545.629,3603.837,3003.837,False,True,True,38,160,50,292,experiments/GRASP/results_ils_v2/IncT2X_1_run03.json,
ILS_v2,2X,IncT2X_1,4,4,46245.184,341.932,GRASP_warmup,44293.816,2786.397,3604.524,3004.524,False,True,True,38,160,50,293,experiments/GRASP/results_ils_v2/IncT2X_1_run04.json,
ILS_v2,2X,IncT2X_1,5,5,46218.909,354.661,GRASP_warmup,45425.166,3550.974,3605.007,3005.007,False,True,True,38,160,50,294,experiments/GRASP/results_ils_v2/IncT2X_1_run05.json,
ILS_v2,2X,IncT2X_1,6,6,49681.973,482.818,GRASP_warmup,42830.214,2910.533,3601.412,3001.412,False,True,True,38,160,50,287,experiments/GRASP/results_ils_v2/IncT2X_1_run06.json,
ILS_v2,2X,IncT2X_1,7,7,46007.526,11.594,GRASP_warmup,44712.559,3300.741,3601.525,3001.525,False,True,True,38,160,50,279,experiments/GRASP/results_ils_v2/IncT2X_1_run07.json,
ILS_v2,2X,IncT2X_1,8,8,45355.163,158.406,GRASP_warmup,44338.326,3380.387,3601.424,3001.424,False,True,True,38,160,50,301,experiments/GRASP/results_ils_v2/IncT2X_1_run08.json,
ILS_v2,2X,IncT2X_1,9,9,45255.709,468.249,GRASP_warmup,44318.616,3569.577,3604.182,3004.182,False,True,True,38,160,50,294,experiments/GRASP/results_ils_v2/IncT2X_1_run09.json,
ILS_v2,2X,IncT2X_1,10,10,47010.361,401.372,GRASP_warmup,43545.673,1302.618,3603.204,3003.204,False,True,True,38,160,50,313,experiments/GRASP/results_ils_v2/IncT2X_1_run10.json,
ILS_v2,2X,IncT2X_2,1,1,123620.105,301.149,GRASP_warmup,106805.948,3556.113,3604.868,3004.868,False,True,True,38,160,50,373,experiments/GRASP/results_ils_v2/IncT2X_2_run01.json,
ILS_v2,2X,IncT2X_2,2,2,119603.531,301.294,GRASP_warmup,107573.659,2154.662,3603.011,3003.011,False,True,True,38,160,50,355,experiments/GRASP/results_ils_v2/IncT2X_2_run02.json,
ILS_v2,2X,IncT2X_2,3,3,121341.883,0.582,GRASP_warmup,110928.766,3218.087,3605.799,3005.799,False,True,True,38,160,50,355,experiments/GRASP/results_ils_v2/IncT2X_2_run03.json,
ILS_v2,2X,IncT2X_2,4,4,110717.709,151.78,GRASP_warmup,106776.062,3189.018,3606.911,3006.911,False,True,True,38,160,50,359,experiments/GRASP/results_ils_v2/IncT2X_2_run04.json,
ILS_v2,2X,IncT2X_2,5,5,126113.225,181.804,GRASP_warmup,112552.216,3266.834,3607.651,3007.651,False,True,True,38,160,50,368,experiments/GRASP/results_ils_v2/IncT2X_2_run05.json,
ILS_v2,2X,IncT2X_2,6,6,123190.851,62.808,GRASP_warmup,110808.719,3591.33,3603.951,3003.951,False,True,True,38,160,50,358,experiments/GRASP/results_ils_v2/IncT2X_2_run06.json,
ILS_v2,2X,IncT2X_2,7,7,116164.143,441.59,GRASP_warmup,111174.465,3065.48,3607.455,3007.455,False,True,True,38,160,50,375,experiments/GRASP/results_ils_v2/IncT2X_2_run07.json,
ILS_v2,2X,IncT2X_2,8,8,119252.574,187.685,GRASP_warmup,108505.169,2233.373,3608.46,3008.46,False,True,True,38,160,50,370,experiments/GRASP/results_ils_v2/IncT2X_2_run08.json,
ILS_v2,2X,IncT2X_2,9,9,120770.774,92.585,GRASP_warmup,110677.688,3194.734,3606.678,3006.678,False,True,True,38,160,50,360,experiments/GRASP/results_ils_v2/IncT2X_2_run09.json,
ILS_v2,2X,IncT2X_2,10,10,114117.82,167.589,GRASP_warmup,113791.744,3106.761,3600.38,3000.38,False,True,True,38,160,50,364,experiments/GRASP/results_ils_v2/IncT2X_2_run10.json,
ILS_v2,2X,IncT2X_3,1,1,51806.973,586.931,GRASP_warmup,48821.477,3027.805,3612.486,3012.486,False,True,True,38,160,50,347,experiments/GRASP/results_ils_v2/IncT2X_3_run01.json,
ILS_v2,2X,IncT2X_3,2,2,48783.872,105.555,GRASP_warmup,47402.775,2711.572,3616.13,3016.13,False,True,True,38,160,50,341,experiments/GRASP/results_ils_v2/IncT2X_3_run02.json,
ILS_v2,2X,IncT2X_3,3,3,50116.473,301.549,GRASP_warmup,48691.831,3479.807,3602.848,3002.848,False,True,True,38,160,50,327,experiments/GRASP/results_ils_v2/IncT2X_3_run03.json,
ILS_v2,2X,IncT2X_3,4,4,49342.436,286.123,GRASP_warmup,49316.686,3336.863,3600.344,3000.344,False,True,True,38,160,50,345,experiments/GRASP/results_ils_v2/IncT2X_3_run04.json,
ILS_v2,2X,IncT2X_3,5,5,49523.739,479.98,GRASP_warmup,49372.614,3408.032,3606.075,3006.075,False,True,True,38,160,50,321,experiments/GRASP/results_ils_v2/IncT2X_3_run05.json,
ILS_v2,2X,IncT2X_3,6,6,51073.445,565.399,GRASP_warmup,49796.458,2942.948,3604.078,3004.078,False,True,True,38,160,50,334,experiments/GRASP/results_ils_v2/IncT2X_3_run06.json,
ILS_v2,2X,IncT2X_3,7,7,53109.559,37.15,GRASP_warmup,47026.985,3399.4,3607.056,3007.056,False,True,True,38,160,50,341,experiments/GRASP/results_ils_v2/IncT2X_3_run07.json,
ILS_v2,2X,IncT2X_3,8,8,50709.037,36.416,GRASP_warmup,46584.081,3365.069,3604.034,3004.034,False,True,True,38,160,50,323,experiments/GRASP/results_ils_v2/IncT2X_3_run08.json,
ILS_v2,2X,IncT2X_3,9,9,47893.987,8.135,GRASP_warmup,45168.086,2051.557,3600.419,3000.419,False,True,True,38,160,50,330,experiments/GRASP/results_ils_v2/IncT2X_3_run09.json,
ILS_v2,2X,IncT2X_3,10,10,52076.149,188.595,GRASP_warmup,49127.21,2593.191,3606.607,3006.607,False,True,True,38,160,50,337,experiments/GRASP/results_ils_v2/IncT2X_3_run10.json,
ILS_v2,2X,IncT2X_4,1,1,140471.857,286.768,GRASP_warmup,134530.483,2205.16,3602.443,3002.443,False,True,True,38,160,50,330,experiments/GRASP/results_ils_v2/IncT2X_4_run01.json,
ILS_v2,2X,IncT2X_4,2,2,142234.21,332.039,GRASP_warmup,138288.751,3567.782,3603.116,3003.116,False,True,True,38,160,50,330,experiments/GRASP/results_ils_v2/IncT2X_4_run02.json,
ILS_v2,2X,IncT2X_4,3,3,142949.748,414.243,GRASP_warmup,136790.459,3555.446,3604.586,3004.586,False,True,True,38,160,50,330,experiments/GRASP/results_ils_v2/IncT2X_4_run03.json,
ILS_v2,2X,IncT2X_4,4,4,137355.84,196.01,GRASP_warmup,134190.224,1558.411,3607.864,3007.864,False,True,True,38,160,50,332,experiments/GRASP/results_ils_v2/IncT2X_4_run04.json,
ILS_v2,2X,IncT2X_4,5,5,143271.378,64.08,GRASP_warmup,133316.912,2233.682,3603.313,3003.313,False,True,True,38,160,50,343,experiments/GRASP/results_ils_v2/IncT2X_4_run05.json,
ILS_v2,2X,IncT2X_4,6,6,145656.428,416.875,GRASP_warmup,140517.153,1835.384,3600.545,3000.545,False,True,True,38,160,50,319,experiments/GRASP/results_ils_v2/IncT2X_4_run06.json,
ILS_v2,2X,IncT2X_4,7,7,140833.872,56.466,GRASP_warmup,134866.306,2838.758,3606.578,3006.578,False,True,True,38,160,50,332,experiments/GRASP/results_ils_v2/IncT2X_4_run07.json,
ILS_v2,2X,IncT2X_4,8,8,140101.314,545.742,GRASP_warmup,133867.308,3370.347,3605.143,3005.143,False,True,True,38,160,50,338,experiments/GRASP/results_ils_v2/IncT2X_4_run08.json,
ILS_v2,2X,IncT2X_4,9,9,140643.701,76.877,GRASP_warmup,135185.967,3508.329,3603.635,3003.635,False,True,True,38,160,50,342,experiments/GRASP/results_ils_v2/IncT2X_4_run09.json,
ILS_v2,2X,IncT2X_4,10,10,145512.36,344.025,GRASP_warmup,134175.9,3451.597,3602.638,3002.638,False,True,True,38,160,50,331,experiments/GRASP/results_ils_v2/IncT2X_4_run10.json,
ILS_v2,2X,IncT2X_5,1,1,41373.966,50.817,GRASP_warmup,40808.641,2933.904,3607.437,3007.437,False,True,True,38,160,50,298,experiments/GRASP/results_ils_v2/IncT2X_5_run01.json,
ILS_v2,2X,IncT2X_5,2,2,49218.481,467.876,GRASP_warmup,40511.241,3039.193,3601.933,3001.933,False,True,True,38,160,50,267,experiments/GRASP/results_ils_v2/IncT2X_5_run02.json,
ILS_v2,2X,IncT2X_5,3,3,40471.308,589.596,GRASP_warmup,39862.583,3070.671,3608.327,3008.327,False,True,True,38,160,50,275,experiments/GRASP/results_ils_v2/IncT2X_5_run03.json,
ILS_v2,2X,IncT2X_5,4,4,40506.333,134.204,GRASP_warmup,38391.644,3260.066,3607.307,3007.307,False,True,True,38,160,50,276,experiments/GRASP/results_ils_v2/IncT2X_5_run04.json,
ILS_v2,2X,IncT2X_5,5,5,49669.351,58.268,GRASP_warmup,40856.266,2704.31,3605.208,3005.208,False,True,True,38,160,50,270,experiments/GRASP/results_ils_v2/IncT2X_5_run05.json,
ILS_v2,2X,IncT2X_5,6,6,40822.604,520.132,GRASP_warmup,39885.883,2986.666,3606.653,3006.653,False,True,True,38,160,50,281,experiments/GRASP/results_ils_v2/IncT2X_5_run06.json,
ILS_v2,2X,IncT2X_5,7,7,47806.173,429.169,GRASP_warmup,46393.846,3260.97,3601.188,3001.188,False,True,True,38,160,50,298,experiments/GRASP/results_ils_v2/IncT2X_5_run07.json,
ILS_v2,2X,IncT2X_5,8,8,41200.481,514.397,GRASP_warmup,39924.783,2105.192,3608.789,3008.789,False,True,True,38,160,50,278,experiments/GRASP/results_ils_v2/IncT2X_5_run08.json,
ILS_v2,2X,IncT2X_5,9,9,40466.208,118.294,GRASP_warmup,38494.144,3528.031,3600.359,3000.359,False,True,True,38,160,50,280,experiments/GRASP/results_ils_v2/IncT2X_5_run09.json,
ILS_v2,2X,IncT2X_5,10,10,52185.923,42.177,GRASP_warmup,51260.256,3523.111,3605.689,3005.689,False,True,True,38,160,50,289,experiments/GRASP/results_ils_v2/IncT2X_5_run10.json,
ILS_v2,2X,IncT2X_6,1,1,81562.611,407.967,GRASP_warmup,74534.638,2452.118,3605.953,3005.953,False,True,True,38,160,50,293,experiments/GRASP/results_ils_v2/IncT2X_6_run01.json,
ILS_v2,2X,IncT2X_6,2,2,79629.2,219.88,GRASP_warmup,76453.905,2571.3,3605.161,3005.161,False,True,True,38,160,50,303,experiments/GRASP/results_ils_v2/IncT2X_6_run02.json,
ILS_v2,2X,IncT2X_6,3,3,77694.139,158.396,GRASP_warmup,73957.432,3069.055,3604.141,3004.141,False,True,True,38,160,50,293,experiments/GRASP/results_ils_v2/IncT2X_6_run03.json,
ILS_v2,2X,IncT2X_6,4,4,77190.079,488.416,GRASP_warmup,74370.719,2324.475,3604.19,3004.19,False,True,True,38,160,50,291,experiments/GRASP/results_ils_v2/IncT2X_6_run04.json,
ILS_v2,2X,IncT2X_6,5,5,81484.25,281.295,GRASP_warmup,73292.373,2784.253,3602.802,3002.802,False,True,True,38,160,50,319,experiments/GRASP/results_ils_v2/IncT2X_6_run05.json,
ILS_v2,2X,IncT2X_6,6,6,78393.372,233.993,GRASP_warmup,71405.102,3381.141,3608.587,3008.587,False,True,True,38,160,50,307,experiments/GRASP/results_ils_v2/IncT2X_6_run06.json,
ILS_v2,2X,IncT2X_6,7,7,81782.355,389.62,GRASP_warmup,76580.265,3028.097,3602.141,3002.141,False,True,True,38,160,50,296,experiments/GRASP/results_ils_v2/IncT2X_6_run07.json,
ILS_v2,2X,IncT2X_6,8,8,82439.006,75.546,GRASP_warmup,78941.952,2957.333,3610.311,3010.311,False,True,True,38,160,50,308,experiments/GRASP/results_ils_v2/IncT2X_6_run08.json,
ILS_v2,2X,IncT2X_6,9,9,75739.559,523.809,GRASP_warmup,71423.816,3369.401,3604.513,3004.513,False,True,True,38,160,50,291,experiments/GRASP/results_ils_v2/IncT2X_6_run09.json,
ILS_v2,2X,IncT2X_6,10,10,80393.653,7.481,GRASP_warmup,74007.145,2243.028,3602.214,3002.214,False,True,True,38,160,50,294,experiments/GRASP/results_ils_v2/IncT2X_6_run10.json,
ILS_v2,2X,IncT2X_7,1,1,16604.139,76.739,GRASP_warmup,13964.65,3521.599,3612.8,3012.8,False,True,True,38,160,50,289,experiments/GRASP/results_ils_v2/IncT2X_7_run01.json,
ILS_v2,2X,IncT2X_7,2,2,16260.167,340.0,GRASP_warmup,15255.32,1760.644,3605.263,3005.263,False,True,True,38,160,50,280,experiments/GRASP/results_ils_v2/IncT2X_7_run02.json,
ILS_v2,2X,IncT2X_7,3,3,17390.0,102.742,GRASP_warmup,15244.87,3054.159,3604.921,3004.921,False,True,True,38,160,50,285,experiments/GRASP/results_ils_v2/IncT2X_7_run03.json,
ILS_v2,2X,IncT2X_7,4,4,14223.675,73.457,GRASP_warmup,14007.8,898.301,3608.469,3008.469,False,True,True,38,160,50,284,experiments/GRASP/results_ils_v2/IncT2X_7_run04.json,
ILS_v2,2X,IncT2X_7,5,5,16094.959,585.795,GRASP_warmup,14721.817,2515.874,3619.719,3019.719,False,True,True,38,160,50,314,experiments/GRASP/results_ils_v2/IncT2X_7_run05.json,
ILS_v2,2X,IncT2X_7,6,6,15850.14,140.703,GRASP_warmup,13970.275,1839.257,3602.105,3002.105,False,True,True,38,160,50,302,experiments/GRASP/results_ils_v2/IncT2X_7_run06.json,
ILS_v2,2X,IncT2X_7,7,7,17123.543,81.59,GRASP_warmup,15244.87,2146.918,3613.279,3013.279,False,True,True,38,160,50,296,experiments/GRASP/results_ils_v2/IncT2X_7_run07.json,
ILS_v2,2X,IncT2X_7,8,8,17480.762,134.482,GRASP_warmup,16693.413,3237.761,3601.202,3001.202,False,True,True,38,160,50,279,experiments/GRASP/results_ils_v2/IncT2X_7_run08.json,
ILS_v2,2X,IncT2X_7,9,9,17415.216,80.21,GRASP_warmup,14020.075,3592.462,3604.725,3004.725,False,True,True,38,160,50,292,experiments/GRASP/results_ils_v2/IncT2X_7_run09.json,
ILS_v2,2X,IncT2X_7,10,10,16837.995,336.127,GRASP_warmup,14321.4,3457.636,3602.568,3002.568,False,True,True,38,160,50,296,experiments/GRASP/results_ils_v2/IncT2X_7_run10.json,
ILS_v2,2X,IncT2X_8,1,1,185055.205,55.273,GRASP_warmup,176545.061,2127.929,3600.473,3000.473,False,True,True,38,160,50,351,experiments/GRASP/results_ils_v2/IncT2X_8_run01.json,
ILS_v2,2X,IncT2X_8,2,2,174150.801,36.319,GRASP_warmup,173543.374,3123.609,3601.329,3001.329,False,True,True,38,160,50,342,experiments/GRASP/results_ils_v2/IncT2X_8_run02.json,
ILS_v2,2X,IncT2X_8,3,3,178136.31,0.615,GRASP_warmup,174627.022,2017.011,3608.632,3008.632,False,True,True,38,160,50,326,experiments/GRASP/results_ils_v2/IncT2X_8_run03.json,
ILS_v2,2X,IncT2X_8,4,4,181867.21,158.811,GRASP_warmup,174150.6,2859.879,3602.677,3002.677,False,True,True,38,160,50,320,experiments/GRASP/results_ils_v2/IncT2X_8_run04.json,
ILS_v2,2X,IncT2X_8,5,5,183240.615,151.846,GRASP_warmup,179313.071,2828.005,3610.092,3010.092,False,True,True,38,160,50,354,experiments/GRASP/results_ils_v2/IncT2X_8_run05.json,
ILS_v2,2X,IncT2X_8,6,6,186090.503,62.726,GRASP_warmup,177334.033,3040.872,3602.024,3002.024,False,True,True,38,160,50,333,experiments/GRASP/results_ils_v2/IncT2X_8_run06.json,
ILS_v2,2X,IncT2X_8,7,7,173189.523,73.69,GRASP_warmup,172193.717,2602.72,3609.525,3009.525,False,True,True,38,160,50,352,experiments/GRASP/results_ils_v2/IncT2X_8_run07.json,
ILS_v2,2X,IncT2X_8,8,8,186120.39,374.013,GRASP_warmup,179712.419,3152.101,3604.987,3004.987,False,True,True,38,160,50,331,experiments/GRASP/results_ils_v2/IncT2X_8_run08.json,
ILS_v2,2X,IncT2X_8,9,9,177900.74,100.854,GRASP_warmup,170021.061,2106.266,3605.961,3005.961,False,True,True,38,160,50,339,experiments/GRASP/results_ils_v2/IncT2X_8_run09.json,
ILS_v2,2X,IncT2X_8,10,10,177813.7,458.286,GRASP_warmup,171590.77,1989.112,3600.663,3000.663,False,True,True,38,160,50,333,experiments/GRASP/results_ils_v2/IncT2X_8_run10.json,
ILS_v2,2X,IncT2X_9,1,1,23216.322,388.61,GRASP_warmup,20561.563,3478.726,3604.302,3004.302,False,True,True,38,160,50,282,experiments/GRASP/results_ils_v2/IncT2X_9_run01.json,
ILS_v2,2X,IncT2X_9,2,2,22231.307,84.272,GRASP_warmup,19182.946,2083.525,3602.662,3002.662,False,True,True,38,160,50,275,experiments/GRASP/results_ils_v2/IncT2X_9_run02.json,
ILS_v2,2X,IncT2X_9,3,3,22091.109,54.928,GRASP_warmup,20879.021,3453.25,3600.817,3000.817,False,True,True,38,160,50,271,experiments/GRASP/results_ils_v2/IncT2X_9_run03.json,
ILS_v2,2X,IncT2X_9,4,4,21883.424,299.472,GRASP_warmup,20879.321,3189.815,3602.596,3002.596,False,True,True,38,160,50,287,experiments/GRASP/results_ils_v2/IncT2X_9_run04.json,
ILS_v2,2X,IncT2X_9,5,5,23621.18,10.648,GRASP_warmup,19647.197,3281.772,3608.105,3008.105,False,True,True,38,160,50,268,experiments/GRASP/results_ils_v2/IncT2X_9_run05.json,
ILS_v2,2X,IncT2X_9,6,6,23435.675,87.829,GRASP_warmup,21826.442,3240.872,3603.102,3003.102,False,True,True,38,160,50,287,experiments/GRASP/results_ils_v2/IncT2X_9_run06.json,
ILS_v2,2X,IncT2X_9,7,7,22686.333,296.3,GRASP_warmup,20310.998,3598.183,3603.554,3003.554,False,True,True,38,160,50,277,experiments/GRASP/results_ils_v2/IncT2X_9_run07.json,
ILS_v2,2X,IncT2X_9,8,8,22890.474,512.708,GRASP_warmup,20909.599,3208.533,3615.175,3015.175,False,True,True,38,160,50,260,experiments/GRASP/results_ils_v2/IncT2X_9_run08.json,
ILS_v2,2X,IncT2X_9,9,9,23316.728,51.937,GRASP_warmup,20639.178,3595.517,3609.486,3009.486,False,True,True,38,160,50,289,experiments/GRASP/results_ils_v2/IncT2X_9_run09.json,
ILS_v2,2X,IncT2X_9,10,10,21615.691,291.445,GRASP_warmup,20830.346,3357.029,3605.169,3005.169,False,True,True,38,160,50,272,experiments/GRASP/results_ils_v2/IncT2X_9_run10.json,
ILS_v2,3X,IncT3x_10,1,1,25304.444,142.838,GRASP_warmup,16841.013,2759.758,3673.148,3073.148,False,True,True,57,160,50,19,experiments/GRASP/results_ils_v2/IncT3x_10_run01.json,
ILS_v2,3X,IncT3x_10,2,2,20387.898,18.418,GRASP_warmup,15081.199,3001.856,3639.514,3039.514,False,True,True,57,160,50,18,experiments/GRASP/results_ils_v2/IncT3x_10_run02.json,
ILS_v2,3X,IncT3x_10,3,3,20182.146,488.609,GRASP_warmup,16451.512,2717.496,3648.405,3048.405,False,True,True,57,160,50,20,experiments/GRASP/results_ils_v2/IncT3x_10_run03.json,
ILS_v2,3X,IncT3x_10,4,4,24008.363,245.711,GRASP_warmup,14362.695,3052.428,3663.175,3063.175,False,True,True,57,160,50,18,experiments/GRASP/results_ils_v2/IncT3x_10_run04.json,
ILS_v2,3X,IncT3x_10,5,5,18403.19,133.05,GRASP_warmup,16146.18,3477.368,3603.751,3003.751,False,True,True,57,160,50,19,experiments/GRASP/results_ils_v2/IncT3x_10_run05.json,
ILS_v2,3X,IncT3x_10,6,6,16971.589,441.523,GRASP_warmup,16613.089,2852.301,3680.919,3080.919,False,True,True,57,160,50,22,experiments/GRASP/results_ils_v2/IncT3x_10_run06.json,
ILS_v2,3X,IncT3x_10,7,7,17699.604,565.957,GRASP_warmup,13044.383,3269.335,3734.57,3134.57,False,True,True,57,160,50,21,experiments/GRASP/results_ils_v2/IncT3x_10_run07.json,
ILS_v2,3X,IncT3x_10,8,8,19626.9,585.017,GRASP_warmup,14183.919,1140.547,3731.294,3131.294,False,True,True,57,160,50,21,experiments/GRASP/results_ils_v2/IncT3x_10_run08.json,
ILS_v2,3X,IncT3x_10,9,9,22702.578,162.603,GRASP_warmup,17053.671,3343.264,3714.494,3114.494,False,True,True,57,160,50,17,experiments/GRASP/results_ils_v2/IncT3x_10_run09.json,
ILS_v2,3X,IncT3x_10,10,10,22318.799,373.719,GRASP_warmup,14983.76,2050.803,3663.948,3063.948,False,True,True,57,160,50,18,experiments/GRASP/results_ils_v2/IncT3x_10_run10.json,
ILS_v2,3X,IncT3x_1,1,1,58738.868,593.648,GRASP_warmup,47424.765,2895.29,3651.369,3051.369,False,True,True,57,160,50,20,experiments/GRASP/results_ils_v2/IncT3x_1_run01.json,
ILS_v2,3X,IncT3x_1,2,2,63589.97,13.854,GRASP_warmup,55525.366,3062.678,3632.288,3032.288,False,True,True,57,160,50,22,experiments/GRASP/results_ils_v2/IncT3x_1_run02.json,
ILS_v2,3X,IncT3x_1,3,3,51175.133,10.858,GRASP_warmup,48976.376,3143.728,3660.551,3060.551,False,True,True,57,160,50,21,experiments/GRASP/results_ils_v2/IncT3x_1_run03.json,
ILS_v2,3X,IncT3x_1,4,4,50322.222,470.03,GRASP_warmup,48646.622,950.777,3656.101,3056.101,False,True,True,57,160,50,30,experiments/GRASP/results_ils_v2/IncT3x_1_run04.json,
ILS_v2,3X,IncT3x_1,5,5,60097.526,219.377,GRASP_warmup,53176.685,2378.517,3667.961,3067.961,False,True,True,57,160,50,20,experiments/GRASP/results_ils_v2/IncT3x_1_run05.json,
ILS_v2,3X,IncT3x_1,6,6,50454.662,445.284,GRASP_warmup,46931.051,3520.13,3660.473,3060.473,False,True,True,57,160,50,18,experiments/GRASP/results_ils_v2/IncT3x_1_run06.json,
ILS_v2,3X,IncT3x_1,7,7,52789.945,331.764,GRASP_warmup,46421.26,3589.723,3710.524,3110.524,False,True,True,57,160,50,21,experiments/GRASP/results_ils_v2/IncT3x_1_run07.json,
ILS_v2,3X,IncT3x_1,8,8,58797.899,56.748,GRASP_warmup,48775.084,2635.73,3621.876,3021.876,False,True,True,57,160,50,18,experiments/GRASP/results_ils_v2/IncT3x_1_run08.json,
ILS_v2,3X,IncT3x_1,9,9,57457.433,31.638,GRASP_warmup,48500.828,2406.231,3632.499,3032.499,False,True,True,57,160,50,20,experiments/GRASP/results_ils_v2/IncT3x_1_run09.json,
ILS_v2,3X,IncT3x_1,10,10,52121.733,530.946,GRASP_warmup,46648.236,2407.56,3738.705,3138.705,False,True,True,57,160,50,18,experiments/GRASP/results_ils_v2/IncT3x_1_run10.json,
ILS_v2,3X,IncT3x_2,1,1,145133.805,519.244,GRASP_warmup,126417.058,3508.75,3701.349,3101.349,False,True,True,57,160,50,22,experiments/GRASP/results_ils_v2/IncT3x_2_run01.json,
ILS_v2,3X,IncT3x_2,2,2,122785.592,111.053,GRASP_warmup,119599.68,1392.598,3674.886,3074.886,False,True,True,57,160,50,22,experiments/GRASP/results_ils_v2/IncT3x_2_run02.json,
ILS_v2,3X,IncT3x_2,3,3,131864.072,16.069,GRASP_warmup,116153.604,2688.695,3625.136,3025.136,False,True,True,57,160,50,20,experiments/GRASP/results_ils_v2/IncT3x_2_run03.json,
ILS_v2,3X,IncT3x_2,4,4,148426.932,179.389,GRASP_warmup,124709.759,3501.089,3685.86,3085.86,False,True,True,57,160,50,21,experiments/GRASP/results_ils_v2/IncT3x_2_run04.json,
ILS_v2,3X,IncT3x_2,5,5,139160.904,553.908,GRASP_warmup,119496.683,3519.727,3725.546,3125.546,False,True,True,57,160,50,22,experiments/GRASP/results_ils_v2/IncT3x_2_run05.json,
ILS_v2,3X,IncT3x_2,6,6,140168.19,384.799,GRASP_warmup,117592.199,2334.16,3647.593,3047.593,False,True,True,57,160,50,21,experiments/GRASP/results_ils_v2/IncT3x_2_run06.json,
ILS_v2,3X,IncT3x_2,7,7,124598.514,366.835,GRASP_warmup,112927.942,2940.458,3607.505,3007.505,False,True,True,57,160,50,18,experiments/GRASP/results_ils_v2/IncT3x_2_run07.json,
ILS_v2,3X,IncT3x_2,8,8,141313.63,120.771,GRASP_warmup,124663.681,1157.662,3713.646,3113.646,False,True,True,57,160,50,18,experiments/GRASP/results_ils_v2/IncT3x_2_run08.json,
ILS_v2,3X,IncT3x_2,9,9,145789.748,131.742,GRASP_warmup,118252.309,3212.762,3643.959,3043.959,False,True,True,57,160,50,20,experiments/GRASP/results_ils_v2/IncT3x_2_run09.json,
ILS_v2,3X,IncT3x_2,10,10,132477.237,529.502,GRASP_warmup,131272.104,832.202,3635.225,3035.225,False,True,True,57,160,50,23,experiments/GRASP/results_ils_v2/IncT3x_2_run10.json,
ILS_v2,3X,IncT3x_3,1,1,59756.867,309.797,GRASP_warmup,56061.264,2888.892,3722.004,3122.004,False,True,True,57,160,50,22,experiments/GRASP/results_ils_v2/IncT3x_3_run01.json,
ILS_v2,3X,IncT3x_3,2,2,59579.088,194.972,GRASP_warmup,56575.612,2269.235,3713.354,3113.354,False,True,True,57,160,50,16,experiments/GRASP/results_ils_v2/IncT3x_3_run02.json,
ILS_v2,3X,IncT3x_3,3,3,58327.774,586.684,GRASP_warmup,53658.865,2707.729,3750.995,3150.995,False,True,True,57,160,50,18,experiments/GRASP/results_ils_v2/IncT3x_3_run03.json,
ILS_v2,3X,IncT3x_3,4,4,58290.049,423.249,GRASP_warmup,53394.381,2255.323,3647.289,3047.289,False,True,True,57,160,50,21,experiments/GRASP/results_ils_v2/IncT3x_3_run04.json,
ILS_v2,3X,IncT3x_3,5,5,62086.741,109.32,GRASP_warmup,50505.825,2816.859,3607.007,3007.007,False,True,True,57,160,50,22,experiments/GRASP/results_ils_v2/IncT3x_3_run05.json,
ILS_v2,3X,IncT3x_3,6,6,53728.903,119.21,GRASP_warmup,50853.935,1121.303,3655.215,3055.215,False,True,True,57,160,50,20,experiments/GRASP/results_ils_v2/IncT3x_3_run06.json,
ILS_v2,3X,IncT3x_3,7,7,63049.762,559.895,GRASP_warmup,56966.85,2789.344,3680.069,3080.069,False,True,True,57,160,50,18,experiments/GRASP/results_ils_v2/IncT3x_3_run07.json,
ILS_v2,3X,IncT3x_3,8,8,60292.222,318.885,GRASP_warmup,53114.064,1677.593,3645.079,3045.079,False,True,True,57,160,50,20,experiments/GRASP/results_ils_v2/IncT3x_3_run08.json,
ILS_v2,3X,IncT3x_3,9,9,56017.457,272.662,GRASP_warmup,56017.457,272.662,3661.521,3061.521,False,True,True,57,160,50,20,experiments/GRASP/results_ils_v2/IncT3x_3_run09.json,
ILS_v2,3X,IncT3x_3,10,10,61291.5,36.687,GRASP_warmup,55079.757,2997.966,3647.758,3047.758,False,True,True,57,160,50,18,experiments/GRASP/results_ils_v2/IncT3x_3_run10.json,
ILS_v2,3X,IncT3x_4,1,1,155820.289,341.836,GRASP_warmup,145888.077,2884.869,3675.891,3075.891,False,True,True,57,160,50,21,experiments/GRASP/results_ils_v2/IncT3x_4_run01.json,
ILS_v2,3X,IncT3x_4,2,2,158539.353,392.461,GRASP_warmup,140186.433,3591.836,3712.506,3112.506,False,True,True,57,160,50,21,experiments/GRASP/results_ils_v2/IncT3x_4_run02.json,
ILS_v2,3X,IncT3x_4,3,3,151192.28,273.232,GRASP_warmup,141456.306,3494.563,3681.48,3081.48,False,True,True,57,160,50,20,experiments/GRASP/results_ils_v2/IncT3x_4_run03.json,
ILS_v2,3X,IncT3x_4,4,4,161977.806,253.246,GRASP_warmup,142573.686,3370.134,3650.948,3050.948,False,True,True,57,160,50,17,experiments/GRASP/results_ils_v2/IncT3x_4_run04.json,
ILS_v2,3X,IncT3x_4,5,5,143696.622,522.189,GRASP_warmup,137723.912,3557.573,3718.159,3118.159,False,True,True,57,160,50,21,experiments/GRASP/results_ils_v2/IncT3x_4_run05.json,
ILS_v2,3X,IncT3x_4,6,6,150169.116,414.822,GRASP_warmup,145619.098,3466.203,3620.357,3020.357,False,True,True,57,160,50,22,experiments/GRASP/results_ils_v2/IncT3x_4_run06.json,
ILS_v2,3X,IncT3x_4,7,7,166303.212,544.436,GRASP_warmup,140542.423,963.328,3801.621,3201.621,False,True,True,57,160,50,17,experiments/GRASP/results_ils_v2/IncT3x_4_run07.json,
ILS_v2,3X,IncT3x_4,8,8,157771.995,145.039,GRASP_warmup,141799.764,3013.342,3684.426,3084.426,False,True,True,57,160,50,22,experiments/GRASP/results_ils_v2/IncT3x_4_run08.json,
ILS_v2,3X,IncT3x_4,9,9,145187.146,89.835,GRASP_warmup,139422.377,3166.306,3636.744,3036.744,False,True,True,57,160,50,16,experiments/GRASP/results_ils_v2/IncT3x_4_run09.json,
ILS_v2,3X,IncT3x_4,10,10,158724.284,366.935,GRASP_warmup,141281.097,3273.045,3616.467,3016.467,False,True,True,57,160,50,20,experiments/GRASP/results_ils_v2/IncT3x_4_run10.json,
ILS_v2,3X,IncT3x_5,1,1,60458.22,124.628,GRASP_warmup,58114.421,3598.871,3603.2,3003.2,False,True,True,57,160,50,22,experiments/GRASP/results_ils_v2/IncT3x_5_run01.json,
ILS_v2,3X,IncT3x_5,2,2,61408.638,305.96,GRASP_warmup,54219.924,2828.574,3755.915,3155.915,False,True,True,57,160,50,18,experiments/GRASP/results_ils_v2/IncT3x_5_run02.json,
ILS_v2,3X,IncT3x_5,3,3,65558.086,5.564,GRASP_warmup,58173.147,3183.988,3604.554,3004.554,False,True,True,57,160,50,18,experiments/GRASP/results_ils_v2/IncT3x_5_run03.json,
ILS_v2,3X,IncT3x_5,4,4,57983.471,16.082,GRASP_warmup,54082.829,1746.349,3605.24,3005.24,False,True,True,57,160,50,17,experiments/GRASP/results_ils_v2/IncT3x_5_run04.json,
ILS_v2,3X,IncT3x_5,5,5,59184.794,393.825,GRASP_warmup,55480.952,3297.252,3621.84,3021.84,False,True,True,57,160,50,17,experiments/GRASP/results_ils_v2/IncT3x_5_run05.json,
ILS_v2,3X,IncT3x_5,6,6,56909.256,123.306,GRASP_warmup,52268.849,1860.447,3709.855,3109.855,False,True,True,57,160,50,17,experiments/GRASP/results_ils_v2/IncT3x_5_run06.json,
ILS_v2,3X,IncT3x_5,7,7,76824.123,532.956,GRASP_warmup,61541.301,1575.273,3630.454,3030.454,False,True,True,57,160,50,19,experiments/GRASP/results_ils_v2/IncT3x_5_run07.json,
ILS_v2,3X,IncT3x_5,8,8,64688.192,384.689,GRASP_warmup,61783.737,2623.002,3666.313,3066.313,False,True,True,57,160,50,17,experiments/GRASP/results_ils_v2/IncT3x_5_run08.json,
ILS_v2,3X,IncT3x_5,9,9,66830.749,204.765,GRASP_warmup,59182.358,3596.123,3601.088,3001.088,False,True,True,57,160,50,16,experiments/GRASP/results_ils_v2/IncT3x_5_run09.json,
ILS_v2,3X,IncT3x_5,10,10,59197.947,12.179,GRASP_warmup,51987.339,2990.773,3717.32,3117.32,False,True,True,57,160,50,19,experiments/GRASP/results_ils_v2/IncT3x_5_run10.json,
ILS_v2,3X,IncT3x_6,1,1,86201.89,167.034,GRASP_warmup,80976.855,2959.766,3697.49,3097.49,False,True,True,57,160,50,18,experiments/GRASP/results_ils_v2/IncT3x_6_run01.json,
ILS_v2,3X,IncT3x_6,2,2,86737.654,380.994,GRASP_warmup,80664.048,3694.804,3699.237,3099.237,False,True,True,57,160,50,19,experiments/GRASP/results_ils_v2/IncT3x_6_run02.json,
ILS_v2,3X,IncT3x_6,3,3,83039.315,420.097,GRASP_warmup,80707.002,2697.69,3658.973,3058.973,False,True,True,57,160,50,20,experiments/GRASP/results_ils_v2/IncT3x_6_run03.json,
ILS_v2,3X,IncT3x_6,4,4,88415.446,220.948,GRASP_warmup,84315.897,2620.733,3657.889,3057.889,False,True,True,57,160,50,19,experiments/GRASP/results_ils_v2/IncT3x_6_run04.json,
ILS_v2,3X,IncT3x_6,5,5,88723.892,576.001,GRASP_warmup,80805.982,2903.361,3655.528,3055.528,False,True,True,57,160,50,17,experiments/GRASP/results_ils_v2/IncT3x_6_run05.json,
ILS_v2,3X,IncT3x_6,6,6,94320.128,582.03,GRASP_warmup,81170.009,3436.819,3634.522,3034.522,False,True,True,57,160,50,17,experiments/GRASP/results_ils_v2/IncT3x_6_run06.json,
ILS_v2,3X,IncT3x_6,7,7,104686.883,439.372,GRASP_warmup,79045.162,3154.326,3717.281,3117.281,False,True,True,57,160,50,16,experiments/GRASP/results_ils_v2/IncT3x_6_run07.json,
ILS_v2,3X,IncT3x_6,8,8,93674.958,311.042,GRASP_warmup,82175.03,1503.058,3605.574,3005.574,False,True,True,57,160,50,16,experiments/GRASP/results_ils_v2/IncT3x_6_run08.json,
ILS_v2,3X,IncT3x_6,9,9,88910.697,96.517,GRASP_warmup,80339.909,2862.35,3709.863,3109.863,False,True,True,57,160,50,21,experiments/GRASP/results_ils_v2/IncT3x_6_run09.json,
ILS_v2,3X,IncT3x_6,10,10,89873.828,489.437,GRASP_warmup,85413.351,3622.385,3628.134,3028.134,False,True,True,57,160,50,15,experiments/GRASP/results_ils_v2/IncT3x_6_run10.json,
ILS_v2,3X,IncT3x_7,1,1,35387.429,587.926,GRASP_warmup,23264.617,3522.991,3670.992,3070.992,False,True,True,57,160,50,19,experiments/GRASP/results_ils_v2/IncT3x_7_run01.json,
ILS_v2,3X,IncT3x_7,2,2,24125.744,492.613,GRASP_warmup,22465.668,1627.936,3608.025,3008.025,False,True,True,57,160,50,18,experiments/GRASP/results_ils_v2/IncT3x_7_run02.json,
ILS_v2,3X,IncT3x_7,3,3,26218.349,8.335,GRASP_warmup,21362.957,1472.701,3673.274,3073.274,False,True,True,57,160,50,18,experiments/GRASP/results_ils_v2/IncT3x_7_run03.json,
ILS_v2,3X,IncT3x_7,4,4,23026.037,276.037,GRASP_warmup,20633.358,2534.864,3673.206,3073.206,False,True,True,57,160,50,19,experiments/GRASP/results_ils_v2/IncT3x_7_run04.json,
ILS_v2,3X,IncT3x_7,5,5,30075.48,423.597,GRASP_warmup,22269.096,1416.442,3731.463,3131.463,False,True,True,57,160,50,18,experiments/GRASP/results_ils_v2/IncT3x_7_run05.json,
ILS_v2,3X,IncT3x_7,6,6,24625.467,53.882,GRASP_warmup,21667.763,641.59,3740.227,3140.227,False,True,True,57,160,50,18,experiments/GRASP/results_ils_v2/IncT3x_7_run06.json,
ILS_v2,3X,IncT3x_7,7,7,28686.138,207.972,GRASP_warmup,23355.991,3072.24,3726.808,3126.808,False,True,True,57,160,50,22,experiments/GRASP/results_ils_v2/IncT3x_7_run07.json,
ILS_v2,3X,IncT3x_7,8,8,26186.218,582.469,GRASP_warmup,21366.491,1342.132,3621.958,3021.958,False,True,True,57,160,50,16,experiments/GRASP/results_ils_v2/IncT3x_7_run08.json,
ILS_v2,3X,IncT3x_7,9,9,30524.886,186.214,GRASP_warmup,21703.332,2336.74,3733.844,3133.844,False,True,True,57,160,50,19,experiments/GRASP/results_ils_v2/IncT3x_7_run09.json,
ILS_v2,3X,IncT3x_7,10,10,31440.43,213.057,GRASP_warmup,23502.73,3141.766,3660.109,3060.109,False,True,True,57,160,50,21,experiments/GRASP/results_ils_v2/IncT3x_7_run10.json,
ILS_v2,3X,IncT3x_8,1,1,189132.663,550.294,GRASP_warmup,179916.468,1460.1,3660.91,3060.91,False,True,True,57,160,50,19,experiments/GRASP/results_ils_v2/IncT3x_8_run01.json,
ILS_v2,3X,IncT3x_8,2,2,207169.465,507.147,GRASP_warmup,179293.164,1946.013,3630.331,3030.331,False,True,True,57,160,50,19,experiments/GRASP/results_ils_v2/IncT3x_8_run02.json,
ILS_v2,3X,IncT3x_8,3,3,191067.527,5.451,GRASP_warmup,185162.108,3151.392,3690.255,3090.255,False,True,True,57,160,50,17,experiments/GRASP/results_ils_v2/IncT3x_8_run03.json,
ILS_v2,3X,IncT3x_8,4,4,202951.105,476.642,GRASP_warmup,185378.291,1388.084,3661.426,3061.426,False,True,True,57,160,50,22,experiments/GRASP/results_ils_v2/IncT3x_8_run04.json,
ILS_v2,3X,IncT3x_8,5,5,211142.515,402.279,GRASP_warmup,180074.831,2054.949,3701.543,3101.543,False,True,True,57,160,50,18,experiments/GRASP/results_ils_v2/IncT3x_8_run05.json,
ILS_v2,3X,IncT3x_8,6,6,187917.728,61.312,GRASP_warmup,184763.53,2437.099,3670.18,3070.18,False,True,True,57,160,50,19,experiments/GRASP/results_ils_v2/IncT3x_8_run06.json,
ILS_v2,3X,IncT3x_8,7,7,206181.816,380.444,GRASP_warmup,190667.827,788.649,3723.234,3123.234,False,True,True,57,160,50,22,experiments/GRASP/results_ils_v2/IncT3x_8_run07.json,
ILS_v2,3X,IncT3x_8,8,8,213659.08,272.821,GRASP_warmup,187188.403,3439.892,3642.921,3042.921,False,True,True,57,160,50,16,experiments/GRASP/results_ils_v2/IncT3x_8_run08.json,
ILS_v2,3X,IncT3x_8,9,9,187687.958,438.673,GRASP_warmup,184934.46,2879.921,3718.237,3118.237,False,True,True,57,160,50,18,experiments/GRASP/results_ils_v2/IncT3x_8_run09.json,
ILS_v2,3X,IncT3x_8,10,10,202033.464,421.062,GRASP_warmup,181714.56,1427.013,3696.708,3096.708,False,True,True,57,160,50,20,experiments/GRASP/results_ils_v2/IncT3x_8_run10.json,
ILS_v2,3X,IncT3x_9,1,1,32348.342,407.981,GRASP_warmup,29985.913,3314.985,3694.553,3094.553,False,True,True,57,160,50,17,experiments/GRASP/results_ils_v2/IncT3x_9_run01.json,
ILS_v2,3X,IncT3x_9,2,2,28849.462,290.962,GRASP_warmup,28657.003,2742.358,3638.697,3038.697,False,True,True,57,160,50,17,experiments/GRASP/results_ils_v2/IncT3x_9_run02.json,
ILS_v2,3X,IncT3x_9,3,3,28729.412,496.786,GRASP_warmup,27116.225,3385.138,3843.643,3243.643,False,True,True,57,160,50,16,experiments/GRASP/results_ils_v2/IncT3x_9_run03.json,
ILS_v2,3X,IncT3x_9,4,4,37445.637,472.025,GRASP_warmup,29334.185,2963.207,3668.126,3068.126,False,True,True,57,160,50,18,experiments/GRASP/results_ils_v2/IncT3x_9_run04.json,
ILS_v2,3X,IncT3x_9,5,5,37505.589,322.187,GRASP_warmup,31435.975,2135.14,3822.662,3222.662,False,True,True,57,160,50,18,experiments/GRASP/results_ils_v2/IncT3x_9_run05.json,
ILS_v2,3X,IncT3x_9,6,6,28957.886,409.109,GRASP_warmup,28358.964,1753.092,3627.559,3027.559,False,True,True,57,160,50,17,experiments/GRASP/results_ils_v2/IncT3x_9_run06.json,
ILS_v2,3X,IncT3x_9,7,7,28565.637,551.633,GRASP_warmup,27297.327,2325.353,3698.63,3098.63,False,True,True,57,160,50,17,experiments/GRASP/results_ils_v2/IncT3x_9_run07.json,
ILS_v2,3X,IncT3x_9,8,8,33459.968,140.636,GRASP_warmup,27069.28,3486.177,3701.153,3101.153,False,True,True,57,160,50,16,experiments/GRASP/results_ils_v2/IncT3x_9_run08.json,
ILS_v2,3X,IncT3x_9,9,9,30604.873,34.403,GRASP_warmup,25388.89,3127.664,3658.792,3058.792,False,True,True,57,160,50,19,experiments/GRASP/results_ils_v2/IncT3x_9_run09.json,
ILS_v2,3X,IncT3x_9,10,10,29682.915,499.311,GRASP_warmup,29355.7,2514.752,3659.206,3059.206,False,True,True,57,160,50,17,experiments/GRASP/results_ils_v2/IncT3x_9_run10.json,
ILS_v2,4X,IncT4x_10,1,1,36132.07,245.194,GRASP_warmup,22682.472,2861.753,3690.724,3090.724,False,True,True,76,160,50,13,experiments/GRASP/results_ils_v2/IncT4x_10_run01.json,
ILS_v2,4X,IncT4x_10,2,2,28530.885,97.39,GRASP_warmup,20906.763,2388.018,3653.17,3053.17,False,True,True,76,160,50,11,experiments/GRASP/results_ils_v2/IncT4x_10_run02.json,
ILS_v2,4X,IncT4x_10,3,3,25815.287,74.487,GRASP_warmup,23221.553,2964.503,3821.55,3221.55,False,True,True,76,160,50,11,experiments/GRASP/results_ils_v2/IncT4x_10_run03.json,
ILS_v2,4X,IncT4x_10,4,4,25754.825,501.049,GRASP_warmup,22245.292,2086.239,3824.65,3224.65,False,True,True,76,160,50,12,experiments/GRASP/results_ils_v2/IncT4x_10_run04.json,
ILS_v2,4X,IncT4x_10,5,5,28689.355,195.304,GRASP_warmup,23129.202,3797.56,3802.811,3202.811,False,True,True,76,160,50,15,experiments/GRASP/results_ils_v2/IncT4x_10_run05.json,
ILS_v2,4X,IncT4x_10,6,6,27783.875,517.34,GRASP_warmup,20157.417,2489.208,3667.102,3067.102,False,True,True,76,160,50,11,experiments/GRASP/results_ils_v2/IncT4x_10_run06.json,
ILS_v2,4X,IncT4x_10,7,7,24210.029,180.718,GRASP_warmup,20557.924,2822.901,3816.127,3216.127,False,True,True,76,160,50,15,experiments/GRASP/results_ils_v2/IncT4x_10_run07.json,
ILS_v2,4X,IncT4x_10,8,8,22445.189,571.417,GRASP_warmup,22445.189,571.417,3797.443,3197.443,False,True,True,76,160,50,11,experiments/GRASP/results_ils_v2/IncT4x_10_run08.json,
ILS_v2,4X,IncT4x_10,9,9,25881.233,491.025,GRASP_warmup,21998.007,1148.233,3705.652,3105.652,False,True,True,76,160,50,13,experiments/GRASP/results_ils_v2/IncT4x_10_run09.json,
ILS_v2,4X,IncT4x_10,10,10,23785.217,590.424,GRASP_warmup,21246.003,3767.183,3773.362,3173.362,False,True,True,76,160,50,12,experiments/GRASP/results_ils_v2/IncT4x_10_run10.json,
ILS_v2,4X,IncT4x_1,1,1,67104.605,499.44,GRASP_warmup,60722.191,2193.103,3654.29,3054.29,False,True,True,76,160,50,13,experiments/GRASP/results_ils_v2/IncT4x_1_run01.json,
ILS_v2,4X,IncT4x_1,2,2,64550.682,29.645,GRASP_warmup,64003.094,2913.348,3748.191,3148.191,False,True,True,76,160,50,13,experiments/GRASP/results_ils_v2/IncT4x_1_run02.json,
ILS_v2,4X,IncT4x_1,3,3,71227.518,513.988,GRASP_warmup,57415.375,3001.408,3815.214,3215.214,False,True,True,76,160,50,15,experiments/GRASP/results_ils_v2/IncT4x_1_run03.json,
ILS_v2,4X,IncT4x_1,4,4,78696.737,341.008,GRASP_warmup,61873.366,2349.908,3622.353,3022.353,False,True,True,76,160,50,11,experiments/GRASP/results_ils_v2/IncT4x_1_run04.json,
ILS_v2,4X,IncT4x_1,5,5,70518.442,555.768,GRASP_warmup,55959.758,3321.552,3679.787,3079.787,False,True,True,76,160,50,13,experiments/GRASP/results_ils_v2/IncT4x_1_run05.json,
ILS_v2,4X,IncT4x_1,6,6,76574.856,115.407,GRASP_warmup,63119.476,3553.285,3846.105,3246.105,False,True,True,76,160,50,12,experiments/GRASP/results_ils_v2/IncT4x_1_run06.json,
ILS_v2,4X,IncT4x_1,7,7,60960.053,248.136,GRASP_warmup,56962.476,3490.852,3789.744,3189.744,False,True,True,76,160,50,11,experiments/GRASP/results_ils_v2/IncT4x_1_run07.json,
ILS_v2,4X,IncT4x_1,8,8,64749.616,263.569,GRASP_warmup,60694.665,1955.987,3745.397,3145.397,False,True,True,76,160,50,12,experiments/GRASP/results_ils_v2/IncT4x_1_run08.json,
ILS_v2,4X,IncT4x_1,9,9,77866.737,41.48,GRASP_warmup,54208.086,3047.52,3740.699,3140.699,False,True,True,76,160,50,14,experiments/GRASP/results_ils_v2/IncT4x_1_run09.json,
ILS_v2,4X,IncT4x_1,10,10,65456.375,425.716,GRASP_warmup,59120.723,2688.715,3671.324,3071.324,False,True,True,76,160,50,12,experiments/GRASP/results_ils_v2/IncT4x_1_run10.json,
ILS_v2,4X,IncT4x_2,1,1,156856.538,464.172,GRASP_warmup,124581.262,3012.414,3795.916,3195.916,False,True,True,76,160,50,13,experiments/GRASP/results_ils_v2/IncT4x_2_run01.json,
ILS_v2,4X,IncT4x_2,2,2,152465.01,26.177,GRASP_warmup,135769.0,3690.29,3696.311,3096.311,False,True,True,76,160,50,13,experiments/GRASP/results_ils_v2/IncT4x_2_run02.json,
ILS_v2,4X,IncT4x_2,3,3,133705.017,492.218,GRASP_warmup,117470.63,2742.682,3616.424,3016.424,False,True,True,76,160,50,12,experiments/GRASP/results_ils_v2/IncT4x_2_run03.json,
ILS_v2,4X,IncT4x_2,4,4,141846.939,304.69,GRASP_warmup,133326.635,2711.102,3637.106,3037.106,False,True,True,76,160,50,11,experiments/GRASP/results_ils_v2/IncT4x_2_run04.json,
ILS_v2,4X,IncT4x_2,5,5,149460.412,263.897,GRASP_warmup,124870.529,1996.996,3752.27,3152.27,False,True,True,76,160,50,11,experiments/GRASP/results_ils_v2/IncT4x_2_run05.json,
ILS_v2,4X,IncT4x_2,6,6,156720.667,283.224,GRASP_warmup,119069.869,3239.782,3870.63,3270.63,False,True,True,76,160,50,14,experiments/GRASP/results_ils_v2/IncT4x_2_run06.json,
ILS_v2,4X,IncT4x_2,7,7,163558.036,537.573,GRASP_warmup,132817.666,3112.394,3646.371,3046.371,False,True,True,76,160,50,10,experiments/GRASP/results_ils_v2/IncT4x_2_run07.json,
ILS_v2,4X,IncT4x_2,8,8,178543.208,323.585,GRASP_warmup,148925.922,1988.715,3715.598,3115.598,False,True,True,76,160,50,10,experiments/GRASP/results_ils_v2/IncT4x_2_run08.json,
ILS_v2,4X,IncT4x_2,9,9,169762.578,93.364,GRASP_warmup,126641.551,2815.873,3632.362,3032.362,False,True,True,76,160,50,16,experiments/GRASP/results_ils_v2/IncT4x_2_run09.json,
ILS_v2,4X,IncT4x_2,10,10,181738.293,358.573,GRASP_warmup,122080.906,2707.417,3823.781,3223.781,False,True,True,76,160,50,10,experiments/GRASP/results_ils_v2/IncT4x_2_run10.json,
ILS_v2,4X,IncT4x_3,1,1,69560.306,322.903,GRASP_warmup,61162.895,2985.622,3752.852,3152.852,False,True,True,76,160,50,13,experiments/GRASP/results_ils_v2/IncT4x_3_run01.json,
ILS_v2,4X,IncT4x_3,2,2,68009.913,34.573,GRASP_warmup,61808.556,2240.336,3830.801,3230.801,False,True,True,76,160,50,15,experiments/GRASP/results_ils_v2/IncT4x_3_run02.json,
ILS_v2,4X,IncT4x_3,3,3,62926.853,578.983,GRASP_warmup,60876.147,3480.1,3681.206,3081.206,False,True,True,76,160,50,13,experiments/GRASP/results_ils_v2/IncT4x_3_run03.json,
ILS_v2,4X,IncT4x_3,4,4,67102.717,359.27,GRASP_warmup,63896.036,2681.382,3766.359,3166.359,False,True,True,76,160,50,12,experiments/GRASP/results_ils_v2/IncT4x_3_run04.json,
ILS_v2,4X,IncT4x_3,5,5,64023.616,369.324,GRASP_warmup,64023.616,369.324,3689.394,3089.394,False,True,True,76,160,50,13,experiments/GRASP/results_ils_v2/IncT4x_3_run05.json,
ILS_v2,4X,IncT4x_3,6,6,70240.121,11.295,GRASP_warmup,63220.735,2118.394,3799.321,3199.321,False,True,True,76,160,50,12,experiments/GRASP/results_ils_v2/IncT4x_3_run06.json,
ILS_v2,4X,IncT4x_3,7,7,65345.405,385.465,GRASP_warmup,65345.405,385.465,3669.494,3069.494,False,True,True,76,160,50,9,experiments/GRASP/results_ils_v2/IncT4x_3_run07.json,
ILS_v2,4X,IncT4x_3,8,8,81436.142,257.879,GRASP_warmup,66961.718,3470.574,3834.192,3234.192,False,True,True,76,160,50,10,experiments/GRASP/results_ils_v2/IncT4x_3_run08.json,
ILS_v2,4X,IncT4x_3,9,9,73026.16,319.234,GRASP_warmup,58956.125,2704.214,3792.906,3192.906,False,True,True,76,160,50,14,experiments/GRASP/results_ils_v2/IncT4x_3_run09.json,
ILS_v2,4X,IncT4x_3,10,10,63255.293,197.705,GRASP_warmup,59418.993,3808.308,3813.701,3213.701,False,True,True,76,160,50,13,experiments/GRASP/results_ils_v2/IncT4x_3_run10.json,
ILS_v2,4X,IncT4x_4,1,1,190692.207,86.696,GRASP_warmup,145131.916,2751.001,3771.239,3171.239,False,True,True,76,160,50,12,experiments/GRASP/results_ils_v2/IncT4x_4_run01.json,
ILS_v2,4X,IncT4x_4,2,2,178538.083,16.954,GRASP_warmup,165147.692,2469.149,3654.721,3054.721,False,True,True,76,160,50,9,experiments/GRASP/results_ils_v2/IncT4x_4_run02.json,
ILS_v2,4X,IncT4x_4,3,3,169324.51,524.047,GRASP_warmup,143568.07,3657.287,3663.379,3063.379,False,True,True,76,160,50,10,experiments/GRASP/results_ils_v2/IncT4x_4_run03.json,
ILS_v2,4X,IncT4x_4,4,4,170365.253,539.387,GRASP_warmup,144340.205,3149.48,3711.405,3111.405,False,True,True,76,160,50,12,experiments/GRASP/results_ils_v2/IncT4x_4_run04.json,
ILS_v2,4X,IncT4x_4,5,5,163195.834,286.818,GRASP_warmup,153995.951,3262.163,3793.971,3193.971,False,True,True,76,160,50,13,experiments/GRASP/results_ils_v2/IncT4x_4_run05.json,
ILS_v2,4X,IncT4x_4,6,6,171343.629,452.086,GRASP_warmup,155810.409,2875.013,3664.69,3064.69,False,True,True,76,160,50,10,experiments/GRASP/results_ils_v2/IncT4x_4_run06.json,
ILS_v2,4X,IncT4x_4,7,7,182104.788,405.969,GRASP_warmup,153260.43,3136.417,3822.93,3222.93,False,True,True,76,160,50,15,experiments/GRASP/results_ils_v2/IncT4x_4_run07.json,
ILS_v2,4X,IncT4x_4,8,8,182760.4,291.138,GRASP_warmup,157984.203,2718.51,3640.374,3040.374,False,True,True,76,160,50,13,experiments/GRASP/results_ils_v2/IncT4x_4_run08.json,
ILS_v2,4X,IncT4x_4,9,9,174158.209,169.716,GRASP_warmup,162609.708,2304.78,3636.011,3036.011,False,True,True,76,160,50,8,experiments/GRASP/results_ils_v2/IncT4x_4_run09.json,
ILS_v2,4X,IncT4x_4,10,10,167123.362,178.931,GRASP_warmup,147768.633,2373.226,3724.069,3124.069,False,True,True,76,160,50,10,experiments/GRASP/results_ils_v2/IncT4x_4_run10.json,
ILS_v2,4X,IncT4x_5,1,1,78008.249,422.818,GRASP_warmup,67823.311,1427.588,3737.957,3137.957,False,True,True,76,160,50,9,experiments/GRASP/results_ils_v2/IncT4x_5_run01.json,
ILS_v2,4X,IncT4x_5,2,2,83797.365,455.828,GRASP_warmup,61857.587,1992.481,3841.83,3241.83,False,True,True,76,160,50,10,experiments/GRASP/results_ils_v2/IncT4x_5_run02.json,
ILS_v2,4X,IncT4x_5,3,3,70359.971,43.834,GRASP_warmup,48973.029,742.38,3689.461,3089.461,False,True,True,76,160,50,11,experiments/GRASP/results_ils_v2/IncT4x_5_run03.json,
ILS_v2,4X,IncT4x_5,4,4,74639.302,65.122,GRASP_warmup,63438.414,3442.452,3748.44,3148.44,False,True,True,76,160,50,10,experiments/GRASP/results_ils_v2/IncT4x_5_run04.json,
ILS_v2,4X,IncT4x_5,5,5,47752.589,245.772,GRASP_warmup,47752.589,245.772,3744.023,3144.023,False,True,True,76,160,50,8,experiments/GRASP/results_ils_v2/IncT4x_5_run05.json,
ILS_v2,4X,IncT4x_5,6,6,78143.448,102.777,GRASP_warmup,67147.49,2977.107,3839.237,3239.237,False,True,True,76,160,50,8,experiments/GRASP/results_ils_v2/IncT4x_5_run06.json,
ILS_v2,4X,IncT4x_5,7,7,68740.179,555.231,GRASP_warmup,68740.179,555.231,3837.455,3237.455,False,True,True,76,160,50,10,experiments/GRASP/results_ils_v2/IncT4x_5_run07.json,
ILS_v2,4X,IncT4x_5,8,8,70960.347,585.251,GRASP_warmup,57015.482,3176.46,3735.747,3135.747,False,True,True,76,160,50,9,experiments/GRASP/results_ils_v2/IncT4x_5_run08.json,
ILS_v2,4X,IncT4x_5,9,9,49087.193,113.184,GRASP_warmup,49087.193,113.184,3715.227,3115.227,False,True,True,76,160,50,9,experiments/GRASP/results_ils_v2/IncT4x_5_run09.json,
ILS_v2,4X,IncT4x_5,10,10,61949.694,23.907,GRASP_warmup,61949.694,23.907,3799.72,3199.72,False,True,True,76,160,50,10,experiments/GRASP/results_ils_v2/IncT4x_5_run10.json,
ILS_v2,4X,IncT4x_6,1,1,106280.147,182.496,GRASP_warmup,90181.877,2876.126,3733.967,3133.967,False,True,True,76,160,50,10,experiments/GRASP/results_ils_v2/IncT4x_6_run01.json,
ILS_v2,4X,IncT4x_6,2,2,91992.448,392.65,GRASP_warmup,89634.961,3678.361,3684.27,3084.27,False,True,True,76,160,50,12,experiments/GRASP/results_ils_v2/IncT4x_6_run02.json,
ILS_v2,4X,IncT4x_6,3,3,105673.725,228.754,GRASP_warmup,87236.82,2522.734,3807.152,3207.152,False,True,True,76,160,50,11,experiments/GRASP/results_ils_v2/IncT4x_6_run03.json,
ILS_v2,4X,IncT4x_6,4,4,98273.719,278.018,GRASP_warmup,95397.915,2366.79,3705.98,3105.98,False,True,True,76,160,50,14,experiments/GRASP/results_ils_v2/IncT4x_6_run04.json,
ILS_v2,4X,IncT4x_6,5,5,97015.646,99.216,GRASP_warmup,93421.759,1918.601,3728.227,3128.227,False,True,True,76,160,50,12,experiments/GRASP/results_ils_v2/IncT4x_6_run05.json,
ILS_v2,4X,IncT4x_6,6,6,96347.56,489.84,GRASP_warmup,94292.155,3036.873,3676.238,3076.238,False,True,True,76,160,50,12,experiments/GRASP/results_ils_v2/IncT4x_6_run06.json,
ILS_v2,4X,IncT4x_6,7,7,102756.89,487.607,GRASP_warmup,86939.556,2694.608,3661.52,3061.52,False,True,True,76,160,50,9,experiments/GRASP/results_ils_v2/IncT4x_6_run07.json,
ILS_v2,4X,IncT4x_6,8,8,105586.614,140.254,GRASP_warmup,93347.18,2528.456,3711.817,3111.817,False,True,True,76,160,50,11,experiments/GRASP/results_ils_v2/IncT4x_6_run08.json,
ILS_v2,4X,IncT4x_6,9,9,101053.402,332.123,GRASP_warmup,91551.235,3002.865,3659.308,3059.308,False,True,True,76,160,50,11,experiments/GRASP/results_ils_v2/IncT4x_6_run09.json,
ILS_v2,4X,IncT4x_6,10,10,110969.774,318.985,GRASP_warmup,100774.548,2838.617,3671.359,3071.359,False,True,True,76,160,50,10,experiments/GRASP/results_ils_v2/IncT4x_6_run10.json,
ILS_v2,4X,IncT4x_7,1,1,38487.205,308.396,GRASP_warmup,32192.638,3364.1,3654.642,3054.642,False,True,True,76,160,50,9,experiments/GRASP/results_ils_v2/IncT4x_7_run01.json,
ILS_v2,4X,IncT4x_7,2,2,26897.394,516.19,GRASP_warmup,26897.394,516.19,3709.882,3109.882,False,True,True,76,160,50,12,experiments/GRASP/results_ils_v2/IncT4x_7_run02.json,
ILS_v2,4X,IncT4x_7,3,3,38310.04,440.943,GRASP_warmup,35837.521,3278.964,3713.774,3113.774,False,True,True,76,160,50,12,experiments/GRASP/results_ils_v2/IncT4x_7_run03.json,
ILS_v2,4X,IncT4x_7,4,4,53162.579,215.221,GRASP_warmup,32042.251,3549.591,3778.802,3178.802,False,True,True,76,160,50,11,experiments/GRASP/results_ils_v2/IncT4x_7_run04.json,
ILS_v2,4X,IncT4x_7,5,5,38405.034,365.282,GRASP_warmup,35784.105,2670.622,3626.878,3026.878,False,True,True,76,160,50,11,experiments/GRASP/results_ils_v2/IncT4x_7_run05.json,
ILS_v2,4X,IncT4x_7,6,6,40689.56,226.171,GRASP_warmup,36824.725,3203.333,3725.777,3125.777,False,True,True,76,160,50,12,experiments/GRASP/results_ils_v2/IncT4x_7_run06.json,
ILS_v2,4X,IncT4x_7,7,7,36063.878,328.29,GRASP_warmup,30277.41,3283.876,3770.601,3170.601,False,True,True,76,160,50,10,experiments/GRASP/results_ils_v2/IncT4x_7_run07.json,
ILS_v2,4X,IncT4x_7,8,8,29692.693,339.193,GRASP_warmup,26566.027,3682.303,3688.552,3088.552,False,True,True,76,160,50,9,experiments/GRASP/results_ils_v2/IncT4x_7_run08.json,
ILS_v2,4X,IncT4x_7,9,9,42820.231,428.867,GRASP_warmup,30282.808,2747.215,3690.376,3090.376,False,True,True,76,160,50,13,experiments/GRASP/results_ils_v2/IncT4x_7_run09.json,
ILS_v2,4X,IncT4x_7,10,10,46450.867,39.555,GRASP_warmup,33785.335,667.743,3626.123,3026.123,False,True,True,76,160,50,13,experiments/GRASP/results_ils_v2/IncT4x_7_run10.json,
ILS_v2,4X,IncT4x_8,1,1,221457.034,133.044,GRASP_warmup,195599.399,1545.131,3611.151,3011.151,False,True,True,76,160,50,12,experiments/GRASP/results_ils_v2/IncT4x_8_run01.json,
ILS_v2,4X,IncT4x_8,2,2,209394.914,155.362,GRASP_warmup,188244.948,3675.938,3682.411,3082.411,False,True,True,76,160,50,10,experiments/GRASP/results_ils_v2/IncT4x_8_run02.json,
ILS_v2,4X,IncT4x_8,3,3,199083.459,9.9,GRASP_warmup,184979.56,1494.275,3867.432,3267.432,False,True,True,76,160,50,10,experiments/GRASP/results_ils_v2/IncT4x_8_run03.json,
ILS_v2,4X,IncT4x_8,4,4,238610.927,488.219,GRASP_warmup,201628.234,3287.288,3702.702,3102.702,False,True,True,76,160,50,10,experiments/GRASP/results_ils_v2/IncT4x_8_run04.json,
ILS_v2,4X,IncT4x_8,5,5,215216.48,405.403,GRASP_warmup,194557.944,2507.459,3788.623,3188.623,False,True,True,76,160,50,12,experiments/GRASP/results_ils_v2/IncT4x_8_run05.json,
ILS_v2,4X,IncT4x_8,6,6,201771.062,375.136,GRASP_warmup,187791.638,3560.52,3778.957,3178.957,False,True,True,76,160,50,11,experiments/GRASP/results_ils_v2/IncT4x_8_run06.json,
ILS_v2,4X,IncT4x_8,7,7,203762.325,309.027,GRASP_warmup,184146.272,3563.368,3811.884,3211.884,False,True,True,76,160,50,14,experiments/GRASP/results_ils_v2/IncT4x_8_run07.json,
ILS_v2,4X,IncT4x_8,8,8,220639.999,370.692,GRASP_warmup,191734.052,1011.667,3704.409,3104.409,False,True,True,76,160,50,11,experiments/GRASP/results_ils_v2/IncT4x_8_run08.json,
ILS_v2,4X,IncT4x_8,9,9,198997.489,233.632,GRASP_warmup,196155.007,845.043,3704.991,3104.991,False,True,True,76,160,50,13,experiments/GRASP/results_ils_v2/IncT4x_8_run09.json,
ILS_v2,4X,IncT4x_8,10,10,201000.994,186.676,GRASP_warmup,182781.1,3589.184,3778.185,3178.185,False,True,True,76,160,50,13,experiments/GRASP/results_ils_v2/IncT4x_8_run10.json,
ILS_v2,4X,IncT4x_9,1,1,41755.557,301.424,GRASP_warmup,33354.884,3564.237,3875.613,3275.613,False,True,True,76,160,50,13,experiments/GRASP/results_ils_v2/IncT4x_9_run01.json,
ILS_v2,4X,IncT4x_9,2,2,44651.844,267.513,GRASP_warmup,43786.319,3153.325,3783.28,3183.28,False,True,True,76,160,50,11,experiments/GRASP/results_ils_v2/IncT4x_9_run02.json,
ILS_v2,4X,IncT4x_9,3,3,52822.44,150.753,GRASP_warmup,31283.599,3251.721,3663.709,3063.709,False,True,True,76,160,50,10,experiments/GRASP/results_ils_v2/IncT4x_9_run03.json,
ILS_v2,4X,IncT4x_9,4,4,45922.872,253.047,GRASP_warmup,29805.886,1910.077,3777.693,3177.693,False,True,True,76,160,50,11,experiments/GRASP/results_ils_v2/IncT4x_9_run04.json,
ILS_v2,4X,IncT4x_9,5,5,47440.058,132.584,GRASP_warmup,36085.092,2612.436,3809.934,3209.934,False,True,True,76,160,50,13,experiments/GRASP/results_ils_v2/IncT4x_9_run05.json,
ILS_v2,4X,IncT4x_9,6,6,41582.499,248.356,GRASP_warmup,35230.102,3694.117,3700.65,3100.65,False,True,True,76,160,50,11,experiments/GRASP/results_ils_v2/IncT4x_9_run06.json,
ILS_v2,4X,IncT4x_9,7,7,39837.386,99.078,GRASP_warmup,38008.735,3229.877,3901.744,3301.744,False,True,True,76,160,50,11,experiments/GRASP/results_ils_v2/IncT4x_9_run07.json,
ILS_v2,4X,IncT4x_9,8,8,38247.697,302.026,GRASP_warmup,29981.122,3334.196,3621.891,3021.891,False,True,True,76,160,50,10,experiments/GRASP/results_ils_v2/IncT4x_9_run08.json,
ILS_v2,4X,IncT4x_9,9,9,37691.43,269.518,GRASP_warmup,36546.283,3511.88,3724.06,3124.06,False,True,True,76,160,50,12,experiments/GRASP/results_ils_v2/IncT4x_9_run09.json,
ILS_v2,4X,IncT4x_9,10,10,38447.011,168.533,GRASP_warmup,38447.011,168.533,3819.475,3219.475,False,True,True,76,160,50,11,experiments/GRASP/results_ils_v2/IncT4x_9_run10.json,
ILS_v2,5X,IncT5x_10,1,1,34477.366,326.337,GRASP_warmup,30249.897,942.322,3662.329,3062.329,False,True,True,95,160,50,6,experiments/GRASP/results_ils_v2/IncT5x_10_run01.json,
ILS_v2,5X,IncT5x_10,2,2,35111.13,23.76,GRASP_warmup,28983.412,1899.063,3619.34,3019.34,False,True,True,95,160,50,7,experiments/GRASP/results_ils_v2/IncT5x_10_run02.json,
ILS_v2,5X,IncT5x_10,3,3,37047.572,43.254,GRASP_warmup,29612.574,2163.24,3699.946,3099.946,False,True,True,95,160,50,9,experiments/GRASP/results_ils_v2/IncT5x_10_run03.json,
ILS_v2,5X,IncT5x_10,4,4,34583.867,188.696,GRASP_warmup,28548.288,2450.837,3784.096,3184.096,False,True,True,95,160,50,7,experiments/GRASP/results_ils_v2/IncT5x_10_run04.json,
ILS_v2,5X,IncT5x_10,5,5,43315.703,226.049,GRASP_warmup,27253.828,3064.858,3782.428,3182.428,False,True,True,95,160,50,8,experiments/GRASP/results_ils_v2/IncT5x_10_run05.json,
ILS_v2,5X,IncT5x_10,6,6,34174.918,50.564,GRASP_warmup,27748.33,2506.905,3650.09,3050.09,False,True,True,95,160,50,6,experiments/GRASP/results_ils_v2/IncT5x_10_run06.json,
ILS_v2,5X,IncT5x_10,7,7,37296.43,429.553,GRASP_warmup,29859.14,3831.781,3837.036,3237.036,False,True,True,95,160,50,7,experiments/GRASP/results_ils_v2/IncT5x_10_run07.json,
ILS_v2,5X,IncT5x_10,8,8,44776.191,598.723,GRASP_warmup,25641.154,3297.433,3829.935,3229.935,False,True,True,95,160,50,5,experiments/GRASP/results_ils_v2/IncT5x_10_run08.json,
ILS_v2,5X,IncT5x_10,9,9,50010.113,76.151,GRASP_warmup,30164.091,2066.117,3714.562,3114.562,False,True,True,95,160,50,4,experiments/GRASP/results_ils_v2/IncT5x_10_run09.json,
ILS_v2,5X,IncT5x_10,10,10,26440.814,144.068,GRASP_warmup,25271.66,3681.438,3688.486,3088.486,False,True,True,95,160,50,7,experiments/GRASP/results_ils_v2/IncT5x_10_run10.json,
ILS_v2,5X,IncT5x_1,1,1,80579.707,350.526,GRASP_warmup,61805.155,3293.599,3820.044,3220.044,False,True,True,95,160,50,5,experiments/GRASP/results_ils_v2/IncT5x_1_run01.json,
ILS_v2,5X,IncT5x_1,2,2,70735.232,26.005,GRASP_warmup,70385.199,2701.398,3622.819,3022.819,False,True,True,95,160,50,8,experiments/GRASP/results_ils_v2/IncT5x_1_run02.json,
ILS_v2,5X,IncT5x_1,3,3,77991.851,30.469,GRASP_warmup,73668.018,1394.882,3843.518,3243.518,False,True,True,95,160,50,7,experiments/GRASP/results_ils_v2/IncT5x_1_run03.json,
ILS_v2,5X,IncT5x_1,4,4,99615.794,113.643,GRASP_warmup,68609.112,2662.252,3623.115,3023.115,False,True,True,95,160,50,5,experiments/GRASP/results_ils_v2/IncT5x_1_run04.json,
ILS_v2,5X,IncT5x_1,5,5,103535.549,415.859,GRASP_warmup,74339.252,3792.097,3800.26,3200.26,False,True,True,95,160,50,7,experiments/GRASP/results_ils_v2/IncT5x_1_run05.json,
ILS_v2,5X,IncT5x_1,6,6,72230.031,533.862,GRASP_warmup,60934.004,3950.79,3958.072,3358.072,False,True,True,95,160,50,7,experiments/GRASP/results_ils_v2/IncT5x_1_run06.json,
ILS_v2,5X,IncT5x_1,7,7,106941.819,185.991,GRASP_warmup,64971.189,1684.577,3900.253,3300.253,False,True,True,95,160,50,7,experiments/GRASP/results_ils_v2/IncT5x_1_run07.json,
ILS_v2,5X,IncT5x_1,8,8,77936.733,206.85,GRASP_warmup,67096.193,3539.094,3941.434,3341.434,False,True,True,95,160,50,4,experiments/GRASP/results_ils_v2/IncT5x_1_run08.json,
ILS_v2,5X,IncT5x_1,9,9,76741.228,49.492,GRASP_warmup,68081.04,2185.661,3947.963,3347.963,False,True,True,95,160,50,7,experiments/GRASP/results_ils_v2/IncT5x_1_run09.json,
ILS_v2,5X,IncT5x_1,10,10,73339.188,321.406,GRASP_warmup,65270.765,2620.671,3979.863,3379.863,False,True,True,95,160,50,6,experiments/GRASP/results_ils_v2/IncT5x_1_run10.json,
ILS_v2,5X,IncT5x_2,1,1,188446.427,418.125,GRASP_warmup,144939.235,3786.999,3794.178,3194.178,False,True,True,95,160,50,6,experiments/GRASP/results_ils_v2/IncT5x_2_run01.json,
ILS_v2,5X,IncT5x_2,2,2,168207.606,32.79,GRASP_warmup,151110.867,3327.157,3726.697,3126.697,False,True,True,95,160,50,8,experiments/GRASP/results_ils_v2/IncT5x_2_run02.json,
ILS_v2,5X,IncT5x_2,3,3,172183.905,27.264,GRASP_warmup,152022.265,2986.297,3725.519,3125.519,False,True,True,95,160,50,8,experiments/GRASP/results_ils_v2/IncT5x_2_run03.json,
ILS_v2,5X,IncT5x_2,4,4,141113.347,388.714,GRASP_warmup,136944.351,1097.887,3825.902,3225.902,False,True,True,95,160,50,9,experiments/GRASP/results_ils_v2/IncT5x_2_run04.json,
ILS_v2,5X,IncT5x_2,5,5,148589.046,553.941,GRASP_warmup,133815.243,3885.988,3892.285,3292.285,False,True,True,95,160,50,6,experiments/GRASP/results_ils_v2/IncT5x_2_run05.json,
ILS_v2,5X,IncT5x_2,6,6,202086.744,38.805,GRASP_warmup,141092.552,1555.028,3856.953,3256.953,False,True,True,95,160,50,5,experiments/GRASP/results_ils_v2/IncT5x_2_run06.json,
ILS_v2,5X,IncT5x_2,7,7,193768.158,182.257,GRASP_warmup,127838.474,3703.397,3711.81,3111.81,False,True,True,95,160,50,7,experiments/GRASP/results_ils_v2/IncT5x_2_run07.json,
ILS_v2,5X,IncT5x_2,8,8,154465.101,334.718,GRASP_warmup,142877.513,2459.319,3908.866,3308.866,False,True,True,95,160,50,7,experiments/GRASP/results_ils_v2/IncT5x_2_run08.json,
ILS_v2,5X,IncT5x_2,9,9,144601.128,417.118,GRASP_warmup,131261.166,3623.455,3630.525,3030.525,False,True,True,95,160,50,8,experiments/GRASP/results_ils_v2/IncT5x_2_run09.json,
ILS_v2,5X,IncT5x_2,10,10,143383.171,244.759,GRASP_warmup,127719.441,3743.366,3749.303,3149.303,False,True,True,95,160,50,10,experiments/GRASP/results_ils_v2/IncT5x_2_run10.json,
ILS_v2,5X,IncT5x_3,1,1,78169.226,290.031,GRASP_warmup,64510.463,987.843,3741.378,3141.378,False,True,True,95,160,50,5,experiments/GRASP/results_ils_v2/IncT5x_3_run01.json,
ILS_v2,5X,IncT5x_3,2,2,78669.303,468.607,GRASP_warmup,71561.96,2100.216,3719.963,3119.963,False,True,True,95,160,50,7,experiments/GRASP/results_ils_v2/IncT5x_3_run02.json,
ILS_v2,5X,IncT5x_3,3,3,80186.568,82.548,GRASP_warmup,73911.899,1834.223,3686.19,3086.19,False,True,True,95,160,50,7,experiments/GRASP/results_ils_v2/IncT5x_3_run03.json,
ILS_v2,5X,IncT5x_3,4,4,87054.773,270.906,GRASP_warmup,66434.182,720.315,3868.809,3268.809,False,True,True,95,160,50,6,experiments/GRASP/results_ils_v2/IncT5x_3_run04.json,
ILS_v2,5X,IncT5x_3,5,5,81777.953,221.829,GRASP_warmup,66558.96,3608.623,3616.808,3016.808,False,True,True,95,160,50,7,experiments/GRASP/results_ils_v2/IncT5x_3_run05.json,
ILS_v2,5X,IncT5x_3,6,6,73866.996,17.568,GRASP_warmup,69624.446,1923.936,3755.586,3155.586,False,True,True,95,160,50,5,experiments/GRASP/results_ils_v2/IncT5x_3_run06.json,
ILS_v2,5X,IncT5x_3,7,7,69520.774,289.478,GRASP_warmup,69520.774,289.478,3860.766,3260.766,False,True,True,95,160,50,7,experiments/GRASP/results_ils_v2/IncT5x_3_run07.json,
ILS_v2,5X,IncT5x_3,8,8,80550.537,468.315,GRASP_warmup,69623.498,3133.776,3626.676,3026.676,False,True,True,95,160,50,3,experiments/GRASP/results_ils_v2/IncT5x_3_run08.json,
ILS_v2,5X,IncT5x_3,9,9,68096.09,500.187,GRASP_warmup,68096.09,500.187,3852.674,3252.674,False,True,True,95,160,50,8,experiments/GRASP/results_ils_v2/IncT5x_3_run09.json,
ILS_v2,5X,IncT5x_3,10,10,84900.842,41.74,GRASP_warmup,67745.789,3870.458,3875.205,3275.205,False,True,True,95,160,50,9,experiments/GRASP/results_ils_v2/IncT5x_3_run10.json,
ILS_v2,5X,IncT5x_4,1,1,179419.437,451.555,GRASP_warmup,158272.459,1617.273,4009.326,3409.326,False,True,True,95,160,50,6,experiments/GRASP/results_ils_v2/IncT5x_4_run01.json,
ILS_v2,5X,IncT5x_4,2,2,193419.067,499.807,GRASP_warmup,158737.447,2958.468,3988.746,3388.746,False,True,True,95,160,50,7,experiments/GRASP/results_ils_v2/IncT5x_4_run02.json,
ILS_v2,5X,IncT5x_4,3,3,178798.19,306.774,GRASP_warmup,167512.054,3794.092,3802.144,3202.144,False,True,True,95,160,50,5,experiments/GRASP/results_ils_v2/IncT5x_4_run03.json,
ILS_v2,5X,IncT5x_4,4,4,188590.361,326.652,GRASP_warmup,153061.727,3491.401,3895.284,3295.284,False,True,True,95,160,50,8,experiments/GRASP/results_ils_v2/IncT5x_4_run04.json,
ILS_v2,5X,IncT5x_4,5,5,199378.341,469.443,GRASP_warmup,153793.989,3379.67,3754.216,3154.216,False,True,True,95,160,50,6,experiments/GRASP/results_ils_v2/IncT5x_4_run05.json,
ILS_v2,5X,IncT5x_4,6,6,226925.848,138.951,GRASP_warmup,163860.21,2238.296,3981.392,3381.392,False,True,True,95,160,50,8,experiments/GRASP/results_ils_v2/IncT5x_4_run06.json,
ILS_v2,5X,IncT5x_4,7,7,180748.018,499.461,GRASP_warmup,171244.512,1223.43,3810.32,3210.32,False,True,True,95,160,50,6,experiments/GRASP/results_ils_v2/IncT5x_4_run07.json,
ILS_v2,5X,IncT5x_4,8,8,198730.738,427.179,GRASP_warmup,172747.012,3151.737,3684.062,3084.062,False,True,True,95,160,50,4,experiments/GRASP/results_ils_v2/IncT5x_4_run08.json,
ILS_v2,5X,IncT5x_4,9,9,224706.384,94.046,GRASP_warmup,174735.918,3270.755,3812.086,3212.086,False,True,True,95,160,50,6,experiments/GRASP/results_ils_v2/IncT5x_4_run09.json,
ILS_v2,5X,IncT5x_4,10,10,215297.33,55.508,GRASP_warmup,155885.552,2868.245,3645.637,3045.637,False,True,True,95,160,50,6,experiments/GRASP/results_ils_v2/IncT5x_4_run10.json,
ILS_v2,5X,IncT5x_5,1,1,102734.654,170.816,GRASP_warmup,65042.57,3535.578,3846.931,3246.931,False,True,True,95,160,50,7,experiments/GRASP/results_ils_v2/IncT5x_5_run01.json,
ILS_v2,5X,IncT5x_5,2,2,86898.841,37.388,GRASP_warmup,68660.905,2596.487,3857.066,3257.066,False,True,True,95,160,50,6,experiments/GRASP/results_ils_v2/IncT5x_5_run02.json,
ILS_v2,5X,IncT5x_5,3,3,83113.411,535.321,GRASP_warmup,77568.449,3264.886,3656.404,3056.404,False,True,True,95,160,50,5,experiments/GRASP/results_ils_v2/IncT5x_5_run03.json,
ILS_v2,5X,IncT5x_5,4,4,69274.724,89.423,GRASP_warmup,69274.724,89.423,3934.578,3334.578,False,True,True,95,160,50,5,experiments/GRASP/results_ils_v2/IncT5x_5_run04.json,
ILS_v2,5X,IncT5x_5,5,5,78256.236,469.18,GRASP_warmup,72108.2,3266.587,3879.803,3279.803,False,True,True,95,160,50,5,experiments/GRASP/results_ils_v2/IncT5x_5_run05.json,
ILS_v2,5X,IncT5x_5,6,6,76513.012,98.428,GRASP_warmup,76513.012,98.428,3828.305,3228.305,False,True,True,95,160,50,7,experiments/GRASP/results_ils_v2/IncT5x_5_run06.json,
ILS_v2,5X,IncT5x_5,7,7,76023.207,454.004,GRASP_warmup,74518.087,1558.736,3797.465,3197.465,False,True,True,95,160,50,6,experiments/GRASP/results_ils_v2/IncT5x_5_run07.json,
ILS_v2,5X,IncT5x_5,8,8,116315.391,223.106,GRASP_warmup,78836.74,2442.038,3876.463,3276.463,False,True,True,95,160,50,5,experiments/GRASP/results_ils_v2/IncT5x_5_run08.json,
ILS_v2,5X,IncT5x_5,9,9,81167.359,413.211,GRASP_warmup,79027.113,2519.172,3914.741,3314.741,False,True,True,95,160,50,5,experiments/GRASP/results_ils_v2/IncT5x_5_run09.json,
ILS_v2,5X,IncT5x_5,10,10,70866.187,38.539,GRASP_warmup,68827.893,3701.19,3709.544,3109.544,False,True,True,95,160,50,6,experiments/GRASP/results_ils_v2/IncT5x_5_run10.json,
ILS_v2,5X,IncT5x_6,1,1,104628.853,440.528,GRASP_warmup,104628.853,440.528,3956.928,3356.928,False,True,True,95,160,50,8,experiments/GRASP/results_ils_v2/IncT5x_6_run01.json,
ILS_v2,5X,IncT5x_6,2,2,108499.65,321.938,GRASP_warmup,94932.155,1384.312,3631.696,3031.696,False,True,True,95,160,50,7,experiments/GRASP/results_ils_v2/IncT5x_6_run02.json,
ILS_v2,5X,IncT5x_6,3,3,124678.036,42.726,GRASP_warmup,100416.861,716.108,3685.677,3085.677,False,True,True,95,160,50,7,experiments/GRASP/results_ils_v2/IncT5x_6_run03.json,
ILS_v2,5X,IncT5x_6,4,4,129587.934,205.985,GRASP_warmup,99662.09,3887.548,3894.266,3294.266,False,True,True,95,160,50,7,experiments/GRASP/results_ils_v2/IncT5x_6_run04.json,
ILS_v2,5X,IncT5x_6,5,5,103078.956,226.962,GRASP_warmup,101214.839,3187.506,3765.122,3165.122,False,True,True,95,160,50,8,experiments/GRASP/results_ils_v2/IncT5x_6_run05.json,
ILS_v2,5X,IncT5x_6,6,6,117755.72,311.097,GRASP_warmup,99254.906,1499.879,3849.181,3249.181,False,True,True,95,160,50,8,experiments/GRASP/results_ils_v2/IncT5x_6_run06.json,
ILS_v2,5X,IncT5x_6,7,7,129282.31,459.138,GRASP_warmup,96919.428,3906.008,3912.537,3312.537,False,True,True,95,160,50,5,experiments/GRASP/results_ils_v2/IncT5x_6_run07.json,
ILS_v2,5X,IncT5x_6,8,8,112743.459,280.53,GRASP_warmup,95989.936,3485.668,3807.234,3207.234,False,True,True,95,160,50,9,experiments/GRASP/results_ils_v2/IncT5x_6_run08.json,
ILS_v2,5X,IncT5x_6,9,9,102621.717,424.777,GRASP_warmup,100037.313,1988.443,3724.794,3124.794,False,True,True,95,160,50,5,experiments/GRASP/results_ils_v2/IncT5x_6_run09.json,
ILS_v2,5X,IncT5x_6,10,10,124274.446,24.094,GRASP_warmup,97264.196,3786.682,3794.734,3194.734,False,True,True,95,160,50,7,experiments/GRASP/results_ils_v2/IncT5x_6_run10.json,
ILS_v2,5X,IncT5x_7,1,1,47962.405,254.098,GRASP_warmup,39982.897,3095.154,3827.7,3227.7,False,True,True,95,160,50,2,experiments/GRASP/results_ils_v2/IncT5x_7_run01.json,
ILS_v2,5X,IncT5x_7,2,2,46991.696,597.928,GRASP_warmup,35085.29,2762.267,3944.984,3344.984,False,True,True,95,160,50,7,experiments/GRASP/results_ils_v2/IncT5x_7_run02.json,
ILS_v2,5X,IncT5x_7,3,3,47288.561,54.428,GRASP_warmup,35585.88,2980.91,4028.669,3428.669,False,True,True,95,160,50,6,experiments/GRASP/results_ils_v2/IncT5x_7_run03.json,
ILS_v2,5X,IncT5x_7,4,4,51408.439,189.849,GRASP_warmup,39273.522,3083.941,3943.18,3343.18,False,True,True,95,160,50,8,experiments/GRASP/results_ils_v2/IncT5x_7_run04.json,
ILS_v2,5X,IncT5x_7,5,5,66895.696,569.793,GRASP_warmup,33104.929,3791.395,3801.164,3201.164,False,True,True,95,160,50,5,experiments/GRASP/results_ils_v2/IncT5x_7_run05.json,
ILS_v2,5X,IncT5x_7,6,6,32890.491,243.643,GRASP_warmup,32890.491,243.643,3853.656,3253.656,False,True,True,95,160,50,9,experiments/GRASP/results_ils_v2/IncT5x_7_run06.json,
ILS_v2,5X,IncT5x_7,7,7,46060.176,257.556,GRASP_warmup,42740.443,3713.72,3724.827,3124.827,False,True,True,95,160,50,5,experiments/GRASP/results_ils_v2/IncT5x_7_run07.json,
ILS_v2,5X,IncT5x_7,8,8,51342.759,289.175,GRASP_warmup,47654.487,1555.456,3984.789,3384.789,False,True,True,95,160,50,5,experiments/GRASP/results_ils_v2/IncT5x_7_run08.json,
ILS_v2,5X,IncT5x_7,9,9,54328.808,117.826,GRASP_warmup,38041.387,3075.106,3860.82,3260.82,False,True,True,95,160,50,6,experiments/GRASP/results_ils_v2/IncT5x_7_run09.json,
ILS_v2,5X,IncT5x_7,10,10,53021.287,259.805,GRASP_warmup,45294.783,2833.022,3601.373,3001.373,False,True,True,95,160,50,9,experiments/GRASP/results_ils_v2/IncT5x_7_run10.json,
ILS_v2,5X,IncT5x_8,1,1,214092.734,199.347,GRASP_warmup,202847.088,2944.224,3602.869,3002.869,False,True,True,95,160,50,7,experiments/GRASP/results_ils_v2/IncT5x_8_run01.json,
ILS_v2,5X,IncT5x_8,2,2,230743.061,269.449,GRASP_warmup,192509.469,1561.63,3855.576,3255.576,False,True,True,95,160,50,7,experiments/GRASP/results_ils_v2/IncT5x_8_run02.json,
ILS_v2,5X,IncT5x_8,3,3,202244.369,30.991,GRASP_warmup,193974.569,3544.599,3790.477,3190.477,False,True,True,95,160,50,7,experiments/GRASP/results_ils_v2/IncT5x_8_run03.json,
ILS_v2,5X,IncT5x_8,4,4,246256.078,186.601,GRASP_warmup,216630.089,3843.507,3850.497,3250.497,False,True,True,95,160,50,7,experiments/GRASP/results_ils_v2/IncT5x_8_run04.json,
ILS_v2,5X,IncT5x_8,5,5,240650.147,551.967,GRASP_warmup,232845.395,2560.973,3636.492,3036.492,False,True,True,95,160,50,6,experiments/GRASP/results_ils_v2/IncT5x_8_run05.json,
ILS_v2,5X,IncT5x_8,6,6,218369.461,226.503,GRASP_warmup,199681.109,2944.532,3819.302,3219.302,False,True,True,95,160,50,9,experiments/GRASP/results_ils_v2/IncT5x_8_run06.json,
ILS_v2,5X,IncT5x_8,7,7,263643.672,467.113,GRASP_warmup,210407.482,3890.649,3896.037,3296.037,False,True,True,95,160,50,6,experiments/GRASP/results_ils_v2/IncT5x_8_run07.json,
ILS_v2,5X,IncT5x_8,8,8,217755.318,304.699,GRASP_warmup,209304.965,3747.389,3754.545,3154.545,False,True,True,95,160,50,8,experiments/GRASP/results_ils_v2/IncT5x_8_run08.json,
ILS_v2,5X,IncT5x_8,9,9,216322.899,69.969,GRASP_warmup,200369.56,3286.508,3602.636,3002.636,False,True,True,95,160,50,8,experiments/GRASP/results_ils_v2/IncT5x_8_run09.json,
ILS_v2,5X,IncT5x_8,10,10,202803.511,114.608,GRASP_warmup,202803.511,114.608,3887.323,3287.323,False,True,True,95,160,50,6,experiments/GRASP/results_ils_v2/IncT5x_8_run10.json,
ILS_v2,5X,IncT5x_9,1,1,70987.877,503.232,GRASP_warmup,46318.834,2606.38,4022.799,3422.799,False,True,True,95,160,50,4,experiments/GRASP/results_ils_v2/IncT5x_9_run01.json,
ILS_v2,5X,IncT5x_9,2,2,49499.544,241.99,GRASP_warmup,43751.949,2123.506,3678.898,3078.898,False,True,True,95,160,50,5,experiments/GRASP/results_ils_v2/IncT5x_9_run02.json,
ILS_v2,5X,IncT5x_9,3,3,57980.108,34.732,GRASP_warmup,39314.12,3302.662,3802.412,3202.412,False,True,True,95,160,50,7,experiments/GRASP/results_ils_v2/IncT5x_9_run03.json,
ILS_v2,5X,IncT5x_9,4,4,57217.043,419.359,GRASP_warmup,39685.964,3286.45,3876.781,3276.781,False,True,True,95,160,50,6,experiments/GRASP/results_ils_v2/IncT5x_9_run04.json,
ILS_v2,5X,IncT5x_9,5,5,47334.624,529.933,GRASP_warmup,38785.716,3365.376,3829.136,3229.136,False,True,True,95,160,50,6,experiments/GRASP/results_ils_v2/IncT5x_9_run05.json,
ILS_v2,5X,IncT5x_9,6,6,52060.359,175.37,GRASP_warmup,39608.516,2642.381,3856.776,3256.776,False,True,True,95,160,50,6,experiments/GRASP/results_ils_v2/IncT5x_9_run06.json,
ILS_v2,5X,IncT5x_9,7,7,53520.2,393.467,GRASP_warmup,42641.892,3614.799,3623.043,3023.043,False,True,True,95,160,50,8,experiments/GRASP/results_ils_v2/IncT5x_9_run07.json,
ILS_v2,5X,IncT5x_9,8,8,40800.211,536.769,GRASP_warmup,40800.211,536.769,3637.516,3037.516,False,True,True,95,160,50,4,experiments/GRASP/results_ils_v2/IncT5x_9_run08.json,
ILS_v2,5X,IncT5x_9,9,9,47906.542,362.16,GRASP_warmup,39524.345,2424.798,3691.343,3091.343,False,True,True,95,160,50,8,experiments/GRASP/results_ils_v2/IncT5x_9_run09.json,
ILS_v2,5X,IncT5x_9,10,10,54014.196,299.886,GRASP_warmup,41334.951,1446.86,3923.788,3323.788,False,True,True,95,160,50,9,experiments/GRASP/results_ils_v2/IncT5x_9_run10.json,
ILS_v2,S,S_1,1,1,38851.191,349.084,GRASP_warmup,37599.389,735.149,3600.064,3000.064,False,True,True,19,160,50,3918,experiments/matheuristics/results_production/s1/S_1_run01.json,
ILS_v2,S,S_1,2,2,38274.243,574.804,GRASP_warmup,38270.693,1551.356,3601.074,3001.074,False,True,True,19,160,50,3765,experiments/matheuristics/results_production/s1/S_1_run02.json,
ILS_v2,S,S_1,3,3,39009.037,454.006,GRASP_warmup,38146.964,925.15,3600.158,3000.158,False,True,True,19,160,50,3948,experiments/matheuristics/results_production/s1/S_1_run03.json,
ILS_v2,S,S_1,4,4,39975.202,359.414,GRASP_warmup,37646.489,728.561,3600.221,3000.221,False,True,True,19,160,50,4008,experiments/matheuristics/results_production/s1/S_1_run04.json,
ILS_v2,S,S_1,5,5,38487.728,345.591,GRASP_warmup,37590.964,1689.179,3600.029,3000.029,False,True,True,19,160,50,3945,experiments/matheuristics/results_production/s1/S_1_run05.json,
ILS_v2,S,S_1,6,6,37938.595,202.555,GRASP_warmup,37093.036,1070.568,3600.388,3000.388,False,True,True,19,160,50,3728,experiments/matheuristics/results_production/s1/S_1_run06.json,
ILS_v2,S,S_1,7,7,37575.875,475.719,GRASP_warmup,37471.284,1100.061,3601.017,3001.017,False,True,True,19,160,50,3896,experiments/matheuristics/results_production/s1/S_1_run07.json,
ILS_v2,S,S_1,8,8,39320.99,52.728,GRASP_warmup,38368.118,3184.686,3600.246,3000.246,False,True,True,19,160,50,3908,experiments/matheuristics/results_production/s1/S_1_run08.json,
ILS_v2,S,S_1,9,9,38964.392,131.006,GRASP_warmup,37586.384,1075.618,3600.18,3000.18,False,True,True,19,160,50,3943,experiments/matheuristics/results_production/s1/S_1_run09.json,
ILS_v2,S,S_1,10,10,37788.744,175.793,GRASP_warmup,37641.989,725.669,3600.193,3000.193,False,True,True,19,160,50,4002,experiments/matheuristics/results_production/s1/S_1_run10.json,
ILS_v2,Real order book,REAL_1,1,1,11493.95,143.254,GRASP_warmup,11493.95,143.254,3600.091,3000.091,False,True,True,19,160,50,4085,experiments/matheuristics/results_production/real/REAL_1_run01.json,
ILS_v2,Real order book,REAL_1,2,2,11493.95,150.343,GRASP_warmup,11493.95,150.343,3600.709,3000.709,False,True,True,19,160,50,4072,experiments/matheuristics/results_production/real/REAL_1_run02.json,
ILS_v2,Real order book,REAL_1,3,3,11478.225,555.216,GRASP_warmup,11474.25,724.887,3600.422,3000.422,False,True,True,19,160,50,4092,experiments/matheuristics/results_production/real/REAL_1_run03.json,
ILS_v2,Real order book,REAL_1,4,4,11493.95,131.144,GRASP_warmup,11493.95,131.144,3601.139,3001.139,False,True,True,19,160,50,4088,experiments/matheuristics/results_production/real/REAL_1_run04.json,
ILS_v2,Real order book,REAL_1,5,5,11480.0,65.052,GRASP_warmup,11480.0,65.052,3600.454,3000.454,False,True,True,19,160,50,4071,experiments/matheuristics/results_production/real/REAL_1_run05.json,
ILS_v2,Real order book,REAL_1,6,6,11493.95,302.089,GRASP_warmup,11493.95,302.089,3600.282,3000.282,False,True,True,19,160,50,4020,experiments/matheuristics/results_production/real/REAL_1_run06.json,
ILS_v2,Real order book,REAL_1,7,7,11493.95,6.358,GRASP_warmup,11481.0,1826.59,3600.159,3000.159,False,True,True,19,160,50,4053,experiments/matheuristics/results_production/real/REAL_1_run07.json,
ILS_v2,Real order book,REAL_1,8,8,11493.95,403.325,GRASP_warmup,11493.95,403.325,3600.59,3000.59,False,True,True,19,160,50,4069,experiments/matheuristics/results_production/real/REAL_1_run08.json,
ILS_v2,Real order book,REAL_1,9,9,11493.95,568.367,GRASP_warmup,11493.95,568.367,3600.721,3000.721,False,True,True,19,160,50,4060,experiments/matheuristics/results_production/real/REAL_1_run09.json,
ILS_v2,Real order book,REAL_1,10,10,11509.15,498.4,GRASP_warmup,11481.0,657.146,3600.346,3000.346,False,True,True,19,160,50,4068,experiments/matheuristics/results_production/real/REAL_1_run10.json,
